cluster,x,y,topic_label,paper_count,emerging_candidate,radar_status,trend_slope_display,recent_momentum_display,trend_p_value_fdr_display,trend_r_squared_display,coherence_class,semantic_similarity_display,pca_pc1_variance,pca_pc2_variance,pca_combined_variance
0,-0.100496559349205,-0.12088378938451574,Multi-Armed Bandits,1853,False,Monitoring signal,-0.064 pp,+0.221 pp,0.127,0.306,high_semantic_coherence,0.9329,0.10689139973096828,0.0762552318513236,0.18314663158229189
1,0.04728675346689698,-0.001652980522545607,Text and Social Media Analysis,6664,False,Monitoring signal,+0.175 pp,-1.836 pp,0.1386,0.286,broad_or_mixed_cluster,0.7375,0.10689139973096828,0.0762552318513236,0.18314663158229189
2,-0.008582860231232316,0.09606657893672212,Domain Adaptation,1378,False,Monitoring signal,+0.029 pp,-0.805 pp,0.5009,0.063,high_semantic_coherence,0.9146,0.10689139973096828,0.0762552318513236,0.18314663158229189
3,0.08726679032676889,0.01231654521751315,Named Entity and Relation Extraction,1331,False,Monitoring signal,+0.058 pp,-0.664 pp,0.1739,0.246,moderate_semantic_coherence,0.8655,0.10689139973096828,0.0762552318513236,0.18314663158229189
4,-0.04195986665379219,0.010270209762847243,Neural Networks and Deep Learning,8061,False,Monitoring signal,-0.196 pp,+0.495 pp,0.1261,0.313,moderate_semantic_coherence,0.8131,0.10689139973096828,0.0762552318513236,0.18314663158229189
5,0.09525762042809807,0.003559116554266201,Question Answering,1588,False,Monitoring signal,+0.070 pp,-0.238 pp,0.01986,0.585,moderate_semantic_coherence,0.8976,0.10689139973096828,0.0762552318513236,0.18314663158229189
6,0.0071420113039365905,0.037324215583806705,Computer Vision and Open-Source Methods,4287,False,Monitoring signal,+0.758 pp,-1.136 pp,0.0006312,0.869,broad_or_mixed_cluster,0.7971,0.10689139973096828,0.0762552318513236,0.18314663158229189
7,0.08141731342745544,-0.017011961630418144,Word Embeddings and Semantic Representations,1725,False,Monitoring signal,-0.240 pp,-0.631 pp,0.0006312,0.881,moderate_semantic_coherence,0.888,0.10689139973096828,0.0762552318513236,0.18314663158229189
8,0.08061752143931654,-0.019753820645872694,Natural Language Processing,4516,False,Monitoring signal,+0.486 pp,-1.341 pp,0.002703,0.767,moderate_semantic_coherence,0.8291,0.10689139973096828,0.0762552318513236,0.18314663158229189
9,-0.04715322409910758,0.02813009164095525,Time-Series Forecasting,1736,True,Emerging candidate,+0.148 pp,+0.855 pp,0.001765,0.807,high_semantic_coherence,0.9006,0.10689139973096828,0.0762552318513236,0.18314663158229189
10,-0.014633289172828502,0.054558730107622744,Image Segmentation and Image Analysis,7654,False,Monitoring signal,-0.946 pp,-4.416 pp,0.0008264,0.853,broad_or_mixed_cluster,0.7626,0.10689139973096828,0.0762552318513236,0.18314663158229189
11,-0.007237457903743516,-0.010077441122845032,General Machine Learning and AI,12670,True,Emerging candidate,+0.285 pp,+1.389 pp,0.02221,0.568,broad_or_mixed_cluster,0.7536,0.10689139973096828,0.0762552318513236,0.18314663158229189
12,-0.090677554791882,-0.13549263200807748,Federated Learning,1082,True,Emerging candidate,+0.211 pp,+0.090 pp,0.0006312,0.873,high_semantic_coherence,0.937,0.10689139973096828,0.0762552318513236,0.18314663158229189
13,-0.017534113065325634,0.09300504386916099,Object Detection and Tracking,2689,False,Monitoring signal,-0.202 pp,-2.274 pp,0.03327,0.518,moderate_semantic_coherence,0.8626,0.10689139973096828,0.0762552318513236,0.18314663158229189
14,-0.046002590969488076,-0.015248280624804126,Bayesian and Variational Inference,3955,False,Monitoring signal,-0.384 pp,+0.324 pp,0.009426,0.664,moderate_semantic_coherence,0.8248,0.10689139973096828,0.0762552318513236,0.18314663158229189
15,-0.09381565661944495,-0.0663030215831176,Optimization for Neural Network Training,2095,False,Monitoring signal,-0.146 pp,-0.053 pp,0.01697,0.607,moderate_semantic_coherence,0.8937,0.10689139973096828,0.0762552318513236,0.18314663158229189
16,0.13936937115219136,-0.07847971840607641,Neural Machine Translation,1735,False,Monitoring signal,-0.067 pp,-0.357 pp,0.1123,0.337,high_semantic_coherence,0.9274,0.10689139973096828,0.0762552318513236,0.18314663158229189
17,-0.02579205996601511,0.06868258098984298,3D Vision and Pose Estimation,2763,False,Monitoring signal,-0.138 pp,-2.375 pp,0.2018,0.217,moderate_semantic_coherence,0.8182,0.10689139973096828,0.0762552318513236,0.18314663158229189
18,-0.046534367021915,-0.0048184114358119975,Clustering Methods,1592,False,Monitoring signal,-0.240 pp,-0.252 pp,0.002379,0.784,moderate_semantic_coherence,0.8843,0.10689139973096828,0.0762552318513236,0.18314663158229189
19,-0.03891856317220528,0.052413171369068236,Generative Adversarial Networks,1979,False,Monitoring signal,-0.084 pp,-0.589 pp,0.5009,0.064,moderate_semantic_coherence,0.8843,0.10689139973096828,0.0762552318513236,0.18314663158229189
20,-0.049689565192687225,-0.03782009360238722,Evolutionary and Multi-Objective Optimization,4296,False,Monitoring signal,+0.004 pp,+0.755 pp,0.9525,0.0,moderate_semantic_coherence,0.8607,0.10689139973096828,0.0762552318513236,0.18314663158229189
21,-0.05097193590696157,-0.04766401866831874,Reinforcement Learning,5165,False,Monitoring signal,+0.288 pp,-0.093 pp,0.0401,0.491,moderate_semantic_coherence,0.8826,0.10689139973096828,0.0762552318513236,0.18314663158229189
22,-0.05149885361746842,0.041162504563922286,Adversarial Robustness,1629,False,Monitoring signal,+0.085 pp,-0.597 pp,0.3809,0.113,high_semantic_coherence,0.9121,0.10689139973096828,0.0762552318513236,0.18314663158229189
23,-0.03204704948688209,0.06400007662010532,Convolutional Neural Networks,4011,False,Monitoring signal,-0.874 pp,-0.985 pp,0.002379,0.779,moderate_semantic_coherence,0.8369,0.10689139973096828,0.0762552318513236,0.18314663158229189
24,0.09499371303893968,-0.03428730120313506,Large Language Models,3918,False,Monitoring signal,+3.743 pp,+16.474 pp,0.05246,0.711,high_semantic_coherence,0.9033,0.10689139973096828,0.0762552318513236,0.18314663158229189
25,-0.03877159352179948,-0.012569933137144175,General Learning and Classification Methods,12481,False,Monitoring signal,-1.014 pp,+0.962 pp,0.006045,0.71,broad_or_mixed_cluster,0.7363,0.10689139973096828,0.0762552318513236,0.18314663158229189
26,-0.020096445679448415,0.025295771978146638,Graph Neural Networks,3659,True,Emerging candidate,+0.474 pp,+0.127 pp,0.0006312,0.892,moderate_semantic_coherence,0.8806,0.10689139973096828,0.0762552318513236,0.18314663158229189
27,0.0642434900606389,-0.006367455941704123,Dialogue Systems,1354,False,Monitoring signal,+0.104 pp,-0.816 pp,0.04796,0.463,moderate_semantic_coherence,0.8836,0.10689139973096828,0.0762552318513236,0.18314663158229189
28,-0.009076849135583738,0.06901502671934728,Video Understanding and Action Recognition,2903,False,Monitoring signal,-0.300 pp,-2.063 pp,0.007033,0.693,moderate_semantic_coherence,0.8307,0.10689139973096828,0.0762552318513236,0.18314663158229189
29,0.13389587091277325,-0.04736880399655273,Multilingual and Cross-Lingual NLP,1594,False,Monitoring signal,+0.176 pp,-0.169 pp,0.0008264,0.846,moderate_semantic_coherence,0.8777,0.10689139973096828,0.0762552318513236,0.18314663158229189
