cluster,topic_label,latest_complete_year,latest_complete_year_papers,trend_slope,trend_p_value_fdr,trend_r_squared,trend_direction,latest_share_percent,previous_average_share_percent,recent_share_change_percentage_points,recent_momentum_direction,long_term_signal,recent_momentum_signal,volume_signal,signals_supported,radar_signal_strength,evidence_class,emerging_topic
26,Graph Neural Networks,2024,505,0.4737932456377989,0.0006312200279794,0.8915973018752843,increasing,4.353073010947332,4.226091941925781,0.1269810690215509,increasing,True,True,True,3,3,strong_emerging_signal,True
11,General Machine Learning and AI,2024,1541,0.2851913796777683,0.0222071216794282,0.5677998462099292,increasing,13.283337643306613,11.894106437909302,1.3892312053973104,increasing,True,True,True,3,3,strong_emerging_signal,True
12,Federated Learning,2024,181,0.2109312658148813,0.0006312200279794,0.8731753155868494,increasing,1.5602103266959746,1.4705015931369736,0.089708733559001,increasing,True,True,True,3,3,strong_emerging_signal,True
9,Time-Series Forecasting,2024,294,0.1475696736495173,0.0017650871337856,0.8071065498056598,increasing,2.534264287561417,1.6790744940283406,0.8551897935330766,increasing,True,True,True,3,3,strong_emerging_signal,True
24,Large Language Models,2024,2328,3.7429084509224895,0.0524599596534591,0.7109025895681483,increasing,20.067235583139382,3.5936291393904334,16.47360644374895,increasing,False,True,True,2,2,recent_momentum,False
6,Computer Vision and Open-Source Methods,2024,571,0.7583359308230888,0.0006312200279794,0.8693677074428767,increasing,4.921989483665201,6.057615810705353,-1.1356263270401517,decreasing,True,False,True,2,2,long_term_growth,False
8,Natural Language Processing,2024,500,0.4863956999809017,0.0027029266048482,0.766570397227613,increasing,4.309973278165676,5.651412035102044,-1.341438756936368,decreasing,True,False,True,2,2,long_term_growth,False
21,Reinforcement Learning,2024,541,0.2882650002853755,0.0400976478253023,0.4907146326858341,increasing,4.6633910869752615,4.756122107274553,-0.0927310202992917,decreasing,True,False,True,2,2,long_term_growth,False
29,Multilingual and Cross-Lingual NLP,2024,206,0.1764407637460357,0.0008263772092863,0.8457745186625367,increasing,1.7757089906042582,1.944277417931351,-0.1685684273270924,decreasing,True,False,True,2,2,long_term_growth,False
27,Dialogue Systems,2024,94,0.1042286476643006,0.047964418951135,0.4628933592750667,increasing,0.810274976295147,1.6264775096950268,-0.8162025333998798,decreasing,True,False,True,2,2,long_term_growth,False
5,Question Answering,2024,160,0.0704242145416848,0.0198619875994551,0.5852765083476226,increasing,1.3791914490130162,1.6174428458563397,-0.2382513968433233,decreasing,True,False,True,2,2,long_term_growth,False
20,Evolutionary and Multi-Objective Optimization,2024,514,0.0041551751568993,0.9524687650423264,0.0004725769433144,no_clear_trend,4.430652529954314,3.675454889761742,0.7551976401925717,increasing,False,True,True,2,2,recent_momentum,False
0,Multi-Armed Bandits,2024,190,-0.0635621373460993,0.1270074536180589,0.3057158402605146,no_clear_trend,1.6377898457029565,1.4171895276215956,0.2206003180813609,increasing,False,True,True,2,2,recent_momentum,False
4,Neural Networks and Deep Learning,2024,761,-0.1955244272809218,0.1260580171618653,0.3133327773093247,no_clear_trend,6.559779329368158,6.065036767295997,0.4947425620721617,increasing,False,True,True,2,2,recent_momentum,False
14,Bayesian and Variational Inference,2024,342,-0.3843564097576177,0.0094263490554535,0.6639814425977382,decreasing,2.948021722265322,2.6240089401459783,0.3240127821193437,increasing,False,True,True,2,2,recent_momentum,False
25,General Learning and Classification Methods,2024,1160,-1.0144400512765743,0.0060445051753747,0.7097955383587742,decreasing,9.999138005344369,9.036932442746677,0.962205562597692,increasing,False,True,True,2,2,recent_momentum,False
1,Text and Social Media Analysis,2024,594,0.174850296738486,0.1385755623402339,0.2864855773021855,no_clear_trend,5.120248254460822,6.956576374944784,-1.8363281204839612,decreasing,False,False,True,1,1,no_emerging_signal,False
22,Adversarial Robustness,2024,93,0.0850350247455072,0.3808808755118532,0.1127711275134144,no_clear_trend,0.8016550297388156,1.3990271853893177,-0.5973721556505021,decreasing,False,False,True,1,1,no_emerging_signal,False
3,Named Entity and Relation Extraction,2024,92,0.0576631314108402,0.173856806848681,0.2459668875254937,no_clear_trend,0.7930350831824843,1.457470084321567,-0.664435001139083,decreasing,False,False,True,1,1,no_emerging_signal,False
2,Domain Adaptation,2024,71,0.0292264879789378,0.5008876739648448,0.0630148383267455,no_clear_trend,0.612016205499526,1.4174187324423932,-0.8054025269428673,decreasing,False,False,True,1,1,no_emerging_signal,False
16,Neural Machine Translation,2024,118,-0.0665329458662208,0.1122814481460752,0.3367880794107247,no_clear_trend,1.0171536936470995,1.3745705298590132,-0.3574168362119136,decreasing,False,False,True,1,1,no_emerging_signal,False
19,Generative Adversarial Networks,2024,78,-0.0839502545764314,0.5008876739648448,0.0635668802856284,no_clear_trend,0.6723558313938454,1.2617381180757532,-0.5893822866819078,decreasing,False,False,True,1,1,no_emerging_signal,False
15,Optimization for Neural Network Training,2024,154,-0.146276945646868,0.0169727605900317,0.6067800254625362,decreasing,1.327471769675028,1.3809079273297764,-0.0534361576547484,decreasing,False,False,True,1,1,no_emerging_signal,False
7,Word Embeddings and Semantic Representations,2024,51,-0.2395994163921496,0.0006312200279794,0.8808237068231815,decreasing,0.4396172743728989,1.0702969186710998,-0.6306796442982009,decreasing,False,False,True,1,1,no_emerging_signal,False
18,Clustering Methods,2024,94,-0.240166759472983,0.0023788222045485,0.7843480867407087,decreasing,0.810274976295147,1.0619816079671922,-0.2517066316720452,decreasing,False,False,True,1,1,no_emerging_signal,False
28,Video Understanding and Action Recognition,2024,51,-0.2999826876822116,0.0070325535378857,0.692681263603424,decreasing,0.4396172743728989,2.5023536135676623,-2.0627363391947635,decreasing,False,False,True,1,1,no_emerging_signal,False
23,Convolutional Neural Networks,2024,74,-0.873825989629674,0.0023788222045485,0.7794322479017974,decreasing,0.6378760451685199,1.6226568201929912,-0.9847807750244713,decreasing,False,False,True,1,1,no_emerging_signal,False
10,Image Segmentation and Image Analysis,2024,176,-0.9464245127300572,0.0008263772092863,0.8525008002563254,decreasing,1.5171105939143177,5.933109668082459,-4.415999074168141,decreasing,False,False,True,1,1,no_emerging_signal,False
17,3D Vision and Pose Estimation,2024,30,-0.1375485300171854,0.2017998970899174,0.2169289683186034,no_clear_trend,0.2585983966899405,2.6334319665001096,-2.374833569810169,decreasing,False,False,False,0,0,no_emerging_signal,False
13,Object Detection and Tracking,2024,37,-0.202451464273472,0.0332748489793179,0.5184706113289859,decreasing,0.3189380225842599,2.5930865521283923,-2.2741485295441324,decreasing,False,False,False,0,0,no_emerging_signal,False
