cluster,topic_label,radar_status,emerging_candidate,latest_complete_year,latest_complete_year_papers,trend_slope,trend_slope_display,trend_p_value_fdr,trend_p_value_fdr_display,trend_r_squared,trend_r_squared_display,recent_share_change_percentage_points,recent_momentum_display,statistically_supported_trend,meaningful_long_term_growth,strong_trend_fit,positive_recent_momentum,sufficient_research_volume,supporting_signal_count,representative_papers,mean_similarity,semantic_similarity_display,median_similarity,min_similarity,max_similarity,similarity_std,coherence_class,evidence_profile,signal_explanation,research_interpretation
12,Federated Learning,Emerging candidate,True,2024,181,0.2109312658148813,+0.211 pp,0.0006312200279794,0.0006312,0.8731753155868494,0.873,0.089708733559001,+0.090 pp,True,True,True,True,True,5,25,0.9369541925625318,0.9370,0.937816131513194,0.9275812738211474,0.9544394700351704,0.006567324091675,high_semantic_coherence,trend + momentum + volume + fit + semantic_focus,"Statistically supported long-term growth, meaningful long-term growth, positive recent momentum, sufficient research volume, and strong trend fit.","Emerging research area with statistically supported growth, recent momentum, and high semantic focus."
9,Time-Series Forecasting,Emerging candidate,True,2024,294,0.1475696736495173,+0.148 pp,0.0017650871337856,0.001765,0.8071065498056598,0.807,0.8551897935330766,+0.855 pp,True,True,True,True,True,5,25,0.9005756545705904,0.9006,0.8979834819401014,0.8898690495778709,0.9254555788893084,0.0096845108097689,high_semantic_coherence,trend + momentum + volume + fit + semantic_focus,"Statistically supported long-term growth, meaningful long-term growth, positive recent momentum, sufficient research volume, and strong trend fit.","Emerging research area with statistically supported growth, recent momentum, and high semantic focus."
26,Graph Neural Networks,Emerging candidate,True,2024,505,0.4737932456377989,+0.474 pp,0.0006312200279794,0.0006312,0.8915973018752843,0.892,0.1269810690215509,+0.127 pp,True,True,True,True,True,5,25,0.8805989755453949,0.8806,0.8784574409828602,0.87160571240618,0.9033284815293996,0.0082814160667975,moderate_semantic_coherence,trend + momentum + volume + fit + moderate_semantic_focus,"Statistically supported long-term growth, meaningful long-term growth, positive recent momentum, sufficient research volume, and strong trend fit.",Emerging research area with statistically supported growth and moderate semantic focus.
11,General Machine Learning and AI,Emerging candidate,True,2024,1541,0.2851913796777683,+0.285 pp,0.0222071216794282,0.02221,0.5677998462099292,0.568,1.3892312053973104,+1.389 pp,True,True,True,True,True,5,25,0.7535607771917888,0.7536,0.7511495464511407,0.7415502147939134,0.7906665856169341,0.0105933088072764,broad_or_mixed_cluster,trend + momentum + volume + fit,"Statistically supported long-term growth, meaningful long-term growth, positive recent momentum, sufficient research volume, and strong trend fit.","Statistically emerging signal, but the discovered cluster is broad or semantically mixed."
24,Large Language Models,Monitoring signal,False,2024,2328,3.7429084509224895,+3.743 pp,0.0524599596534591,0.05246,0.7109025895681483,0.711,16.47360644374895,+16.474 pp,False,True,True,True,True,4,25,0.9032709030759404,0.9033,0.9015450679266964,0.8948614958111749,0.9231265820254853,0.0065564803321824,high_semantic_coherence,momentum + volume + fit + semantic_focus,"Meaningful long-term growth, positive recent momentum, sufficient research volume, and strong trend fit.",Established research area with strong semantic focus but without the full Radar emergence signal.
5,Question Answering,Monitoring signal,False,2024,160,0.0704242145416848,+0.070 pp,0.0198619875994551,0.01986,0.5852765083476226,0.585,-0.2382513968433233,-0.238 pp,True,True,True,False,True,4,25,0.8976115422043507,0.8976,0.8953391271469378,0.8850626923532444,0.9239471096016236,0.0109828208924996,moderate_semantic_coherence,trend + volume + fit + moderate_semantic_focus,"Statistically supported long-term growth, meaningful long-term growth, sufficient research volume, and strong trend fit.",Established research area with moderate semantic focus.
27,Dialogue Systems,Monitoring signal,False,2024,94,0.1042286476643006,+0.104 pp,0.047964418951135,0.04796,0.4628933592750667,0.463,-0.8162025333998798,-0.816 pp,True,True,True,False,True,4,25,0.8835575369757575,0.8836,0.879850282842283,0.8747713994738224,0.8988081130970162,0.008249660966647,moderate_semantic_coherence,trend + volume + fit + moderate_semantic_focus,"Statistically supported long-term growth, meaningful long-term growth, sufficient research volume, and strong trend fit.",Established research area with moderate semantic focus.
21,Reinforcement Learning,Monitoring signal,False,2024,541,0.2882650002853755,+0.288 pp,0.0400976478253023,0.0401,0.4907146326858341,0.491,-0.0927310202992917,-0.093 pp,True,True,True,False,True,4,25,0.8825675828721051,0.8826,0.8815191712573688,0.872600526937882,0.901262576960194,0.0078622861454497,moderate_semantic_coherence,trend + volume + fit + moderate_semantic_focus,"Statistically supported long-term growth, meaningful long-term growth, sufficient research volume, and strong trend fit.",Established research area with moderate semantic focus.
29,Multilingual and Cross-Lingual NLP,Monitoring signal,False,2024,206,0.1764407637460357,+0.176 pp,0.0008263772092863,0.0008264,0.8457745186625367,0.846,-0.1685684273270924,-0.169 pp,True,True,True,False,True,4,25,0.87765734059386,0.8777,0.8770051107445954,0.8663644772588199,0.8953104258207076,0.0092707660122089,moderate_semantic_coherence,trend + volume + fit + moderate_semantic_focus,"Statistically supported long-term growth, meaningful long-term growth, sufficient research volume, and strong trend fit.",Established research area with moderate semantic focus.
8,Natural Language Processing,Monitoring signal,False,2024,500,0.4863956999809017,+0.486 pp,0.0027029266048482,0.002703,0.766570397227613,0.767,-1.341438756936368,-1.341 pp,True,True,True,False,True,4,25,0.8290572349991385,0.8291,0.828444212582482,0.8131558487107389,0.8512294927221222,0.0115715894298662,moderate_semantic_coherence,trend + volume + fit + moderate_semantic_focus,"Statistically supported long-term growth, meaningful long-term growth, sufficient research volume, and strong trend fit.",Established research area with moderate semantic focus.
6,Computer Vision and Open-Source Methods,Monitoring signal,False,2024,571,0.7583359308230888,+0.758 pp,0.0006312200279794,0.0006312,0.8693677074428767,0.869,-1.1356263270401517,-1.136 pp,True,True,True,False,True,4,25,0.7970546235522166,0.7971,0.7909330583019709,0.7801640083670931,0.8582420510929467,0.0195233665759399,broad_or_mixed_cluster,trend + volume + fit,"Statistically supported long-term growth, meaningful long-term growth, sufficient research volume, and strong trend fit.",Research cluster with broad or mixed semantic focus.
0,Multi-Armed Bandits,Monitoring signal,False,2024,190,-0.0635621373460993,-0.064 pp,0.1270074536180589,0.127,0.3057158402605146,0.306,0.2206003180813609,+0.221 pp,False,False,True,True,True,3,25,0.9328657462065704,0.9329,0.9321141991068777,0.926589243128321,0.9447739154662144,0.0048178888364361,high_semantic_coherence,momentum + volume + fit + semantic_focus,"Positive recent momentum, sufficient research volume, and strong trend fit.",Established research area with strong semantic focus but without the full Radar emergence signal.
14,Bayesian and Variational Inference,Monitoring signal,False,2024,342,-0.3843564097576177,-0.384 pp,0.0094263490554535,0.009426,0.6639814425977382,0.664,0.3240127821193437,+0.324 pp,False,False,True,True,True,3,25,0.8247857353320169,0.8248,0.8273848163973534,0.8065386319610954,0.8522267908895282,0.0133633856556538,moderate_semantic_coherence,momentum + volume + fit + moderate_semantic_focus,"Positive recent momentum, sufficient research volume, and strong trend fit.",Established research area with moderate semantic focus.
4,Neural Networks and Deep Learning,Monitoring signal,False,2024,761,-0.1955244272809218,-0.196 pp,0.1260580171618653,0.1261,0.3133327773093247,0.313,0.4947425620721617,+0.495 pp,False,False,True,True,True,3,25,0.8131088512671625,0.8131,0.8080313350637731,0.8016198060417227,0.8494639822857138,0.0126095510513212,moderate_semantic_coherence,momentum + volume + fit + moderate_semantic_focus,"Positive recent momentum, sufficient research volume, and strong trend fit.",Established research area with moderate semantic focus.
25,General Learning and Classification Methods,Monitoring signal,False,2024,1160,-1.0144400512765743,-1.014 pp,0.0060445051753747,0.006045,0.7097955383587742,0.710,0.962205562597692,+0.962 pp,False,False,True,True,True,3,25,0.7362690489507405,0.7363,0.7322419106380009,0.7219570610907261,0.7602641504233502,0.0109249622251432,broad_or_mixed_cluster,momentum + volume + fit,"Positive recent momentum, sufficient research volume, and strong trend fit.",Research cluster with broad or mixed semantic focus.
16,Neural Machine Translation,Monitoring signal,False,2024,118,-0.0665329458662208,-0.067 pp,0.1122814481460752,0.1123,0.3367880794107247,0.337,-0.3574168362119136,-0.357 pp,False,False,True,False,True,2,25,0.9273778307740724,0.9274,0.9269127873311228,0.9207868279766798,0.9387574033402764,0.0055505320826086,high_semantic_coherence,volume + fit + semantic_focus,"Sufficient research volume, and strong trend fit.",Established research area with strong semantic focus but without the full Radar emergence signal.
22,Adversarial Robustness,Monitoring signal,False,2024,93,0.0850350247455072,+0.085 pp,0.3808808755118532,0.3809,0.1127711275134144,0.113,-0.5973721556505021,-0.597 pp,False,True,False,False,True,2,25,0.9120742870354336,0.9121,0.9106409659023532,0.9054319166749326,0.9294016359840904,0.0061593441261191,high_semantic_coherence,volume + semantic_focus,"Meaningful long-term growth, and sufficient research volume.",Established research area with strong semantic focus but without the full Radar emergence signal.
15,Optimization for Neural Network Training,Monitoring signal,False,2024,154,-0.146276945646868,-0.146 pp,0.0169727605900317,0.01697,0.6067800254625362,0.607,-0.0534361576547484,-0.053 pp,False,False,True,False,True,2,25,0.8936900421651002,0.8937,0.8876549036515816,0.8822124128307546,0.9275939928949122,0.0117544379076297,moderate_semantic_coherence,volume + fit + moderate_semantic_focus,"Sufficient research volume, and strong trend fit.",Established research area with moderate semantic focus.
7,Word Embeddings and Semantic Representations,Monitoring signal,False,2024,51,-0.2395994163921496,-0.240 pp,0.0006312200279794,0.0006312,0.8808237068231815,0.881,-0.6306796442982009,-0.631 pp,False,False,True,False,True,2,25,0.8879748314617487,0.8880,0.8846792139971832,0.8775602071623518,0.9195134049310844,0.0104796987881201,moderate_semantic_coherence,volume + fit + moderate_semantic_focus,"Sufficient research volume, and strong trend fit.",Established research area with moderate semantic focus.
18,Clustering Methods,Monitoring signal,False,2024,94,-0.240166759472983,-0.240 pp,0.0023788222045485,0.002379,0.7843480867407087,0.784,-0.2517066316720452,-0.252 pp,False,False,True,False,True,2,25,0.8842552411030435,0.8843,0.8831038822853772,0.8763225436404043,0.8944385236800046,0.0057132286510032,moderate_semantic_coherence,volume + fit + moderate_semantic_focus,"Sufficient research volume, and strong trend fit.",Established research area with moderate semantic focus.
3,Named Entity and Relation Extraction,Monitoring signal,False,2024,92,0.0576631314108402,+0.058 pp,0.173856806848681,0.1739,0.2459668875254937,0.246,-0.664435001139083,-0.664 pp,False,True,False,False,True,2,25,0.8654813075093649,0.8655,0.8643629807025297,0.8520923842467573,0.8886961731887769,0.0091915576604496,moderate_semantic_coherence,volume + moderate_semantic_focus,"Meaningful long-term growth, and sufficient research volume.",Established research area with moderate semantic focus.
20,Evolutionary and Multi-Objective Optimization,Monitoring signal,False,2024,514,0.0041551751568993,+0.004 pp,0.9524687650423264,0.9525,0.0004725769433144,0.000,0.7551976401925717,+0.755 pp,False,False,False,True,True,2,25,0.8606562697626637,0.8607,0.8604958741806984,0.8510169742162732,0.8876091725256512,0.0090145457168205,moderate_semantic_coherence,momentum + volume + moderate_semantic_focus,"Positive recent momentum, and sufficient research volume.",Established research area with moderate semantic focus.
23,Convolutional Neural Networks,Monitoring signal,False,2024,74,-0.873825989629674,-0.874 pp,0.0023788222045485,0.002379,0.7794322479017974,0.779,-0.9847807750244713,-0.985 pp,False,False,True,False,True,2,25,0.8369252899556888,0.8369,0.8338695421393565,0.8242637977285839,0.8693824379770609,0.0117038154558144,moderate_semantic_coherence,volume + fit + moderate_semantic_focus,"Sufficient research volume, and strong trend fit.",Established research area with moderate semantic focus.
28,Video Understanding and Action Recognition,Monitoring signal,False,2024,51,-0.2999826876822116,-0.300 pp,0.0070325535378857,0.007033,0.692681263603424,0.693,-2.0627363391947635,-2.063 pp,False,False,True,False,True,2,25,0.8307195559423196,0.8307,0.8277509931111946,0.8184356379337915,0.8563422165981105,0.0109121607691843,moderate_semantic_coherence,volume + fit + moderate_semantic_focus,"Sufficient research volume, and strong trend fit.",Established research area with moderate semantic focus.
10,Image Segmentation and Image Analysis,Monitoring signal,False,2024,176,-0.9464245127300572,-0.946 pp,0.0008263772092863,0.0008264,0.8525008002563254,0.853,-4.415999074168141,-4.416 pp,False,False,True,False,True,2,25,0.7625838109993446,0.7626,0.7604870432660796,0.7508851988175,0.8100046106675074,0.0127386383615937,broad_or_mixed_cluster,volume + fit,"Sufficient research volume, and strong trend fit.",Research cluster with broad or mixed semantic focus.
1,Text and Social Media Analysis,Monitoring signal,False,2024,594,0.174850296738486,+0.175 pp,0.1385755623402339,0.1386,0.2864855773021855,0.286,-1.8363281204839608,-1.836 pp,False,True,False,False,True,2,25,0.737520178810006,0.7375,0.7314256157277833,0.723357412570002,0.7848776319003063,0.0154318742777913,broad_or_mixed_cluster,volume,"Meaningful long-term growth, and sufficient research volume.",Research cluster with broad or mixed semantic focus.
2,Domain Adaptation,Monitoring signal,False,2024,71,0.0292264879789378,+0.029 pp,0.5008876739648448,0.5009,0.0630148383267455,0.063,-0.8054025269428673,-0.805 pp,False,False,False,False,True,1,25,0.9145767788918988,0.9146,0.9165310076290882,0.9060812165315332,0.924911074256922,0.0057351320026337,high_semantic_coherence,volume + semantic_focus,Sufficient research volume.,Established research area with strong semantic focus but without the full Radar emergence signal.
19,Generative Adversarial Networks,Monitoring signal,False,2024,78,-0.0839502545764314,-0.084 pp,0.5008876739648448,0.5009,0.0635668802856284,0.064,-0.5893822866819078,-0.589 pp,False,False,False,False,True,1,25,0.8843397458506946,0.8843,0.8823913314663647,0.8756217435131539,0.9070829452551032,0.0081094623290176,moderate_semantic_coherence,volume + moderate_semantic_focus,Sufficient research volume.,Established research area with moderate semantic focus.
13,Object Detection and Tracking,Monitoring signal,False,2024,37,-0.202451464273472,-0.202 pp,0.0332748489793179,0.03327,0.5184706113289859,0.518,-2.2741485295441324,-2.274 pp,False,False,True,False,False,1,25,0.8626318919488366,0.8626,0.8591537039559187,0.8548404176774445,0.881491593934579,0.0081680626847084,moderate_semantic_coherence,fit + moderate_semantic_focus,Strong trend fit.,Established research area with moderate semantic focus.
17,3D Vision and Pose Estimation,Monitoring signal,False,2024,30,-0.1375485300171854,-0.138 pp,0.2017998970899174,0.2018,0.2169289683186034,0.217,-2.374833569810169,-2.375 pp,False,False,False,False,False,0,25,0.8182282338328245,0.8182,0.8183559445532063,0.798146593901818,0.8567364807043444,0.014705584060484,moderate_semantic_coherence,moderate_semantic_focus,No strong Radar signals detected.,Established research area with moderate semantic focus.
