cluster,topic_label,years_used,trend_slope,trend_p_value,trend_r_squared,trend_direction,latest_complete_year,latest_share_percent,previous_average_share_percent,recent_share_change_percentage_points,recent_momentum_direction,trend_p_value_fdr,statistically_significant,emerging_candidate,latest_complete_year_papers,long_term_signal,recent_momentum_signal,volume_signal,signals_supported,radar_signal_strength,evidence_class,emerging_topic,statistically_supported_trend,meaningful_long_term_growth,strong_trend_fit,positive_recent_momentum,sufficient_research_volume,radar_emerging_candidate,supporting_signal_count,radar_evidence_class,interpretation
26,Graph Neural Networks,10,0.4737932456377989,3.951638304411463e-05,0.8915973018752843,increasing,2024,4.353073010947332,4.226091941925781,0.1269810690215509,increasing,0.0006312200279794,True,True,505,True,True,True,3,3,strong_emerging_signal,True,True,True,True,True,True,True,5,emerging_candidate,"Increasing long-term prevalence, positive recent momentum, and sufficient research volume."
12,Federated Learning,10,0.2109312658148813,7.464304583437335e-05,0.8731753155868494,increasing,2024,1.5602103266959746,1.4705015931369736,0.089708733559001,increasing,0.0006312200279794,True,True,181,True,True,True,3,3,strong_emerging_signal,True,True,True,True,True,True,True,5,emerging_candidate,"Increasing long-term prevalence, positive recent momentum, and sufficient research volume."
9,Time-Series Forecasting,10,0.1475696736495173,0.0004118536645499,0.8071065498056598,increasing,2024,2.534264287561417,1.6790744940283406,0.8551897935330766,increasing,0.0017650871337856,True,True,294,True,True,True,3,3,strong_emerging_signal,True,True,True,True,True,True,True,5,emerging_candidate,"Increasing long-term prevalence, positive recent momentum, and sufficient research volume."
11,General Machine Learning and AI,10,0.2851913796777683,0.0118437982290284,0.5677998462099292,increasing,2024,13.283337643306613,11.894106437909302,1.3892312053973104,increasing,0.0222071216794282,True,True,1541,True,True,True,3,3,strong_emerging_signal,True,True,True,True,True,True,True,5,emerging_candidate,"Increasing long-term prevalence, positive recent momentum, and sufficient research volume."
6,Computer Vision and Open-Source Methods,10,0.7583359308230888,8.416267039725336e-05,0.8693677074428767,increasing,2024,4.921989483665201,6.057615810705353,-1.1356263270401517,decreasing,0.0006312200279794,True,False,571,True,False,True,2,2,long_term_growth,False,True,True,True,False,True,False,4,statistically_supported_growth,"Long-term increasing trend is statistically supported, but recent momentum is not positive."
29,Multilingual and Cross-Lingual NLP,10,0.1764407637460357,0.0001652754418572,0.8457745186625367,increasing,2024,1.7757089906042582,1.944277417931351,-0.1685684273270924,decreasing,0.0008263772092863,True,False,206,True,False,True,2,2,long_term_growth,False,True,True,True,False,True,False,4,statistically_supported_growth,"Long-term increasing trend is statistically supported, but recent momentum is not positive."
8,Natural Language Processing,10,0.4863956999809017,0.0009009755349494,0.766570397227613,increasing,2024,4.309973278165676,5.651412035102044,-1.341438756936368,decreasing,0.0027029266048482,True,False,500,True,False,True,2,2,long_term_growth,False,True,True,True,False,True,False,4,statistically_supported_growth,"Long-term increasing trend is statistically supported, but recent momentum is not positive."
5,Question Answering,10,0.0704242145416848,0.0099309937997275,0.5852765083476226,increasing,2024,1.3791914490130162,1.6174428458563397,-0.2382513968433233,decreasing,0.0198619875994551,True,False,160,True,False,True,2,2,long_term_growth,False,True,True,True,False,True,False,4,statistically_supported_growth,"Long-term increasing trend is statistically supported, but recent momentum is not positive."
21,Reinforcement Learning,10,0.2882650002853755,0.0240585886951814,0.4907146326858341,increasing,2024,4.6633910869752615,4.756122107274553,-0.0927310202992917,decreasing,0.0400976478253023,True,False,541,True,False,True,2,2,long_term_growth,False,True,True,True,False,True,False,4,statistically_supported_growth,"Long-term increasing trend is statistically supported, but recent momentum is not positive."
27,Dialogue Systems,10,0.1042286476643006,0.0303774653357188,0.4628933592750667,increasing,2024,0.810274976295147,1.6264775096950268,-0.8162025333998798,decreasing,0.047964418951135,True,False,94,True,False,True,2,2,long_term_growth,False,True,True,True,False,True,False,4,statistically_supported_growth,"Long-term increasing trend is statistically supported, but recent momentum is not positive."
24,Large Language Models,6,3.7429084509224895,0.0349733064356394,0.7109025895681483,increasing,2024,20.067235583139382,3.5936291393904334,16.47360644374895,increasing,0.0524599596534591,False,False,2328,False,True,True,2,2,recent_momentum,False,False,True,True,True,True,False,4,recent_momentum,"Recent prevalence increased, but long-term statistical evidence does not meet the trend threshold."
25,General Learning and Classification Methods,10,-1.0144400512765743,0.002216318564304,0.7097955383587742,decreasing,2024,9.999138005344369,9.036932442746677,0.962205562597692,increasing,0.0060445051753747,True,False,1160,False,True,True,2,2,recent_momentum,False,False,False,True,True,True,False,3,recent_momentum,"Recent prevalence increased, but long-term statistical evidence does not meet the trend threshold."
14,Bayesian and Variational Inference,10,-0.3843564097576177,0.0040847512573632,0.6639814425977382,decreasing,2024,2.948021722265322,2.6240089401459783,0.3240127821193437,increasing,0.0094263490554535,True,False,342,False,True,True,2,2,recent_momentum,False,False,False,True,True,True,False,3,recent_momentum,"Recent prevalence increased, but long-term statistical evidence does not meet the trend threshold."
4,Neural Networks and Deep Learning,10,-0.1955244272809218,0.0924425459187012,0.3133327773093247,no_clear_trend,2024,6.559779329368158,6.065036767295997,0.4947425620721617,increasing,0.1260580171618653,False,False,761,False,True,True,2,2,recent_momentum,False,False,False,True,True,True,False,3,recent_momentum,"Recent prevalence increased, but long-term statistical evidence does not meet the trend threshold."
0,Multi-Armed Bandits,10,-0.0635621373460993,0.0973723811071785,0.3057158402605146,no_clear_trend,2024,1.6377898457029565,1.4171895276215956,0.2206003180813609,increasing,0.1270074536180589,False,False,190,False,True,True,2,2,recent_momentum,False,False,False,True,True,True,False,3,recent_momentum,"Recent prevalence increased, but long-term statistical evidence does not meet the trend threshold."
7,Word Embeddings and Semantic Representations,10,-0.2395994163921496,5.8002826301299984e-05,0.8808237068231815,decreasing,2024,0.4396172743728989,1.0702969186710998,-0.6306796442982009,decreasing,0.0006312200279794,True,False,51,False,False,True,1,1,no_emerging_signal,False,False,False,True,False,True,False,2,established_volume,"Substantial research volume, without the full emerging-topic signal."
10,Image Segmentation and Image Analysis,10,-0.9464245127300572,0.0001378481847815,0.8525008002563254,decreasing,2024,1.5171105939143177,5.933109668082459,-4.415999074168141,decreasing,0.0008263772092863,True,False,176,False,False,True,1,1,no_emerging_signal,False,False,False,True,False,True,False,2,established_volume,"Substantial research volume, without the full emerging-topic signal."
18,Clustering Methods,10,-0.240166759472983,0.0006505462866634,0.7843480867407087,decreasing,2024,0.810274976295147,1.0619816079671922,-0.2517066316720452,decreasing,0.0023788222045485,True,False,94,False,False,True,1,1,no_emerging_signal,False,False,False,True,False,True,False,2,established_volume,"Substantial research volume, without the full emerging-topic signal."
23,Convolutional Neural Networks,10,-0.873825989629674,0.0007136466613645,0.7794322479017974,decreasing,2024,0.6378760451685199,1.6226568201929912,-0.9847807750244713,decreasing,0.0023788222045485,True,False,74,False,False,True,1,1,no_emerging_signal,False,False,False,True,False,True,False,2,established_volume,"Substantial research volume, without the full emerging-topic signal."
28,Video Understanding and Action Recognition,10,-0.2999826876822116,0.0028130214151543,0.692681263603424,decreasing,2024,0.4396172743728989,2.5023536135676623,-2.0627363391947635,decreasing,0.0070325535378857,True,False,51,False,False,True,1,1,no_emerging_signal,False,False,False,True,False,True,False,2,established_volume,"Substantial research volume, without the full emerging-topic signal."
15,Optimization for Neural Network Training,10,-0.146276945646868,0.0079206216086815,0.6067800254625362,decreasing,2024,1.327471769675028,1.3809079273297764,-0.0534361576547484,decreasing,0.0169727605900317,True,False,154,False,False,True,1,1,no_emerging_signal,False,False,False,True,False,True,False,2,established_volume,"Substantial research volume, without the full emerging-topic signal."
16,Neural Machine Translation,10,-0.0665329458662208,0.0785970137022526,0.3367880794107247,no_clear_trend,2024,1.0171536936470995,1.3745705298590132,-0.3574168362119136,decreasing,0.1122814481460752,False,False,118,False,False,True,1,1,no_emerging_signal,False,False,False,True,False,True,False,2,established_volume,"Substantial research volume, without the full emerging-topic signal."
1,Text and Social Media Analysis,10,0.174850296738486,0.1108604498721871,0.2864855773021855,no_clear_trend,2024,5.120248254460822,6.956576374944784,-1.8363281204839612,decreasing,0.1385755623402339,False,False,594,False,False,True,1,1,no_emerging_signal,False,False,True,False,False,True,False,2,established_volume,"Substantial research volume, without the full emerging-topic signal."
3,Named Entity and Relation Extraction,10,0.0576631314108402,0.1448806723739009,0.2459668875254937,no_clear_trend,2024,0.7930350831824843,1.457470084321567,-0.664435001139083,decreasing,0.173856806848681,False,False,92,False,False,True,1,1,no_emerging_signal,False,False,True,False,False,True,False,2,established_volume,"Substantial research volume, without the full emerging-topic signal."
22,Adversarial Robustness,10,0.0850350247455072,0.3427927879606678,0.1127711275134144,no_clear_trend,2024,0.8016550297388156,1.3990271853893177,-0.5973721556505021,decreasing,0.3808808755118532,False,False,93,False,False,True,1,1,no_emerging_signal,False,False,True,False,False,True,False,2,established_volume,"Substantial research volume, without the full emerging-topic signal."
20,Evolutionary and Multi-Objective Optimization,10,0.0041551751568993,0.9524687650423264,0.0004725769433144,no_clear_trend,2024,4.430652529954314,3.675454889761742,0.7551976401925717,increasing,0.9524687650423264,False,False,514,False,True,True,2,2,recent_momentum,False,False,False,False,True,True,False,2,recent_momentum,"Recent prevalence increased, but long-term statistical evidence does not meet the trend threshold."
13,Object Detection and Tracking,10,-0.202451464273472,0.0188557477549468,0.5184706113289859,decreasing,2024,0.3189380225842599,2.5930865521283923,-2.2741485295441324,decreasing,0.0332748489793179,True,False,37,False,False,False,0,0,no_emerging_signal,False,False,False,True,False,False,False,1,limited_signal,No complete emerging-topic signal under the current rules.
2,Domain Adaptation,10,0.0292264879789378,0.4841914181660166,0.0630148383267455,no_clear_trend,2024,0.612016205499526,1.4174187324423932,-0.8054025269428673,decreasing,0.5008876739648448,False,False,71,False,False,True,1,1,no_emerging_signal,False,False,False,False,False,True,False,1,established_volume,"Substantial research volume, without the full emerging-topic signal."
19,Generative Adversarial Networks,10,-0.0839502545764314,0.4822188351832775,0.0635668802856284,no_clear_trend,2024,0.6723558313938454,1.2617381180757532,-0.5893822866819078,decreasing,0.5008876739648448,False,False,78,False,False,True,1,1,no_emerging_signal,False,False,False,False,False,True,False,1,established_volume,"Substantial research volume, without the full emerging-topic signal."
17,3D Vision and Pose Estimation,10,-0.1375485300171854,0.1748932441445951,0.2169289683186034,no_clear_trend,2024,0.2585983966899405,2.6334319665001096,-2.374833569810169,decreasing,0.2017998970899174,False,False,30,False,False,False,0,0,no_emerging_signal,False,False,False,False,False,False,False,0,limited_signal,No complete emerging-topic signal under the current rules.
