cluster,topic_label,latest_complete_year_papers,trend_slope,trend_p_value_fdr,trend_r_squared,trend_direction,recent_share_change_percentage_points,recent_momentum_direction,statistically_supported_trend,meaningful_long_term_growth,strong_trend_fit,positive_recent_momentum,sufficient_research_volume,supporting_signal_count,radar_emerging_candidate,radar_evidence_class,long_term_trend_evidence,recent_momentum_evidence,research_volume_evidence,trend_fit_evidence,signal_explanation,evidence_summary,interpretation
26,Graph Neural Networks,505,0.4737932456377989,0.0006312200279794,0.8915973018752843,increasing,0.1269810690215509,increasing,True,True,True,True,True,5,True,emerging_candidate,"Long-term prevalence is increasing at approximately 0.474 percentage points per year, with an FDR-adjusted p-value of 0.000631.",Recent prevalence increased by 0.127 percentage points relative to the previous-period baseline.,"The topic contains 505 papers in 2024, providing a measurable research volume.",The linear trend explains approximately 89.2% of the variation in yearly topic prevalence.,Supporting signals: statistically supported growth; meaningful long-term slope; strong trend fit; positive recent momentum; sufficient research volume.,"Graph Neural Networks shows an emerging research signal because its long-term prevalence is increasing with statistical support, recent prevalence is positive, and the topic has sufficient research volume.","Increasing long-term prevalence, positive recent momentum, and sufficient research volume."
11,General Machine Learning and AI,1541,0.2851913796777683,0.0222071216794282,0.5677998462099292,increasing,1.3892312053973104,increasing,True,True,True,True,True,5,True,emerging_candidate,"Long-term prevalence is increasing at approximately 0.285 percentage points per year, with an FDR-adjusted p-value of 0.022207.",Recent prevalence increased by 1.389 percentage points relative to the previous-period baseline.,"The topic contains 1,541 papers in 2024, providing a measurable research volume.",The linear trend explains approximately 56.8% of the variation in yearly topic prevalence.,Supporting signals: statistically supported growth; meaningful long-term slope; strong trend fit; positive recent momentum; sufficient research volume.,"General Machine Learning and AI shows an emerging research signal because its long-term prevalence is increasing with statistical support, recent prevalence is positive, and the topic has sufficient research volume.","Increasing long-term prevalence, positive recent momentum, and sufficient research volume."
12,Federated Learning,181,0.2109312658148813,0.0006312200279794,0.8731753155868494,increasing,0.089708733559001,increasing,True,True,True,True,True,5,True,emerging_candidate,"Long-term prevalence is increasing at approximately 0.211 percentage points per year, with an FDR-adjusted p-value of 0.000631.",Recent prevalence increased by 0.090 percentage points relative to the previous-period baseline.,"The topic contains 181 papers in 2024, providing a measurable research volume.",The linear trend explains approximately 87.3% of the variation in yearly topic prevalence.,Supporting signals: statistically supported growth; meaningful long-term slope; strong trend fit; positive recent momentum; sufficient research volume.,"Federated Learning shows an emerging research signal because its long-term prevalence is increasing with statistical support, recent prevalence is positive, and the topic has sufficient research volume.","Increasing long-term prevalence, positive recent momentum, and sufficient research volume."
9,Time-Series Forecasting,294,0.1475696736495173,0.0017650871337856,0.8071065498056598,increasing,0.8551897935330766,increasing,True,True,True,True,True,5,True,emerging_candidate,"Long-term prevalence is increasing at approximately 0.148 percentage points per year, with an FDR-adjusted p-value of 0.001765.",Recent prevalence increased by 0.855 percentage points relative to the previous-period baseline.,"The topic contains 294 papers in 2024, providing a measurable research volume.",The linear trend explains approximately 80.7% of the variation in yearly topic prevalence.,Supporting signals: statistically supported growth; meaningful long-term slope; strong trend fit; positive recent momentum; sufficient research volume.,"Time-Series Forecasting shows an emerging research signal because its long-term prevalence is increasing with statistical support, recent prevalence is positive, and the topic has sufficient research volume.","Increasing long-term prevalence, positive recent momentum, and sufficient research volume."
24,Large Language Models,2328,3.7429084509224895,0.0524599596534591,0.7109025895681483,increasing,16.47360644374895,increasing,False,True,True,True,True,4,False,recent_momentum,"Long-term prevalence is increasing at approximately 3.743 percentage points per year, but the trend does not meet the current statistical significance threshold.",Recent prevalence increased by 16.474 percentage points relative to the previous-period baseline.,"The topic contains 2,328 papers in 2024, providing a measurable research volume.",The linear trend explains approximately 71.1% of the variation in yearly topic prevalence.,Supporting signals: meaningful long-term slope; strong trend fit; positive recent momentum; sufficient research volume.,"Large Language Models shows recent positive momentum, but the available long-term evidence does not currently satisfy the Research Radar growth criteria.","Recent prevalence increased, but long-term statistical evidence does not meet the trend threshold."
6,Computer Vision and Open-Source Methods,571,0.7583359308230888,0.0006312200279794,0.8693677074428767,increasing,-1.1356263270401517,decreasing,True,True,True,False,True,4,False,statistically_supported_growth,"Long-term prevalence is increasing at approximately 0.758 percentage points per year, with an FDR-adjusted p-value of 0.000631.",Recent prevalence decreased by 1.136 percentage points relative to the previous-period baseline.,"The topic contains 571 papers in 2024, providing a measurable research volume.",The linear trend explains approximately 86.9% of the variation in yearly topic prevalence.,Supporting signals: statistically supported growth; meaningful long-term slope; strong trend fit; sufficient research volume.,"Computer Vision and Open-Source Methods shows statistically supported long-term growth, but does not currently show the full combination of recent momentum and volume required by the Research Radar.","Long-term increasing trend is statistically supported, but recent momentum is not positive."
8,Natural Language Processing,500,0.4863956999809017,0.0027029266048482,0.766570397227613,increasing,-1.341438756936368,decreasing,True,True,True,False,True,4,False,statistically_supported_growth,"Long-term prevalence is increasing at approximately 0.486 percentage points per year, with an FDR-adjusted p-value of 0.002703.",Recent prevalence decreased by 1.341 percentage points relative to the previous-period baseline.,"The topic contains 500 papers in 2024, providing a measurable research volume.",The linear trend explains approximately 76.7% of the variation in yearly topic prevalence.,Supporting signals: statistically supported growth; meaningful long-term slope; strong trend fit; sufficient research volume.,"Natural Language Processing shows statistically supported long-term growth, but does not currently show the full combination of recent momentum and volume required by the Research Radar.","Long-term increasing trend is statistically supported, but recent momentum is not positive."
21,Reinforcement Learning,541,0.2882650002853755,0.0400976478253023,0.4907146326858341,increasing,-0.0927310202992917,decreasing,True,True,True,False,True,4,False,statistically_supported_growth,"Long-term prevalence is increasing at approximately 0.288 percentage points per year, with an FDR-adjusted p-value of 0.040098.",Recent prevalence decreased by 0.093 percentage points relative to the previous-period baseline.,"The topic contains 541 papers in 2024, providing a measurable research volume.",The linear trend explains approximately 49.1% of the variation in yearly topic prevalence.,Supporting signals: statistically supported growth; meaningful long-term slope; strong trend fit; sufficient research volume.,"Reinforcement Learning shows statistically supported long-term growth, but does not currently show the full combination of recent momentum and volume required by the Research Radar.","Long-term increasing trend is statistically supported, but recent momentum is not positive."
29,Multilingual and Cross-Lingual NLP,206,0.1764407637460357,0.0008263772092863,0.8457745186625367,increasing,-0.1685684273270924,decreasing,True,True,True,False,True,4,False,statistically_supported_growth,"Long-term prevalence is increasing at approximately 0.176 percentage points per year, with an FDR-adjusted p-value of 0.000826.",Recent prevalence decreased by 0.169 percentage points relative to the previous-period baseline.,"The topic contains 206 papers in 2024, providing a measurable research volume.",The linear trend explains approximately 84.6% of the variation in yearly topic prevalence.,Supporting signals: statistically supported growth; meaningful long-term slope; strong trend fit; sufficient research volume.,"Multilingual and Cross-Lingual NLP shows statistically supported long-term growth, but does not currently show the full combination of recent momentum and volume required by the Research Radar.","Long-term increasing trend is statistically supported, but recent momentum is not positive."
27,Dialogue Systems,94,0.1042286476643006,0.047964418951135,0.4628933592750667,increasing,-0.8162025333998798,decreasing,True,True,True,False,True,4,False,statistically_supported_growth,"Long-term prevalence is increasing at approximately 0.104 percentage points per year, with an FDR-adjusted p-value of 0.047964.",Recent prevalence decreased by 0.816 percentage points relative to the previous-period baseline.,"The topic contains 94 papers in 2024, providing a measurable research volume.",The linear trend explains approximately 46.3% of the variation in yearly topic prevalence.,Supporting signals: statistically supported growth; meaningful long-term slope; strong trend fit; sufficient research volume.,"Dialogue Systems shows statistically supported long-term growth, but does not currently show the full combination of recent momentum and volume required by the Research Radar.","Long-term increasing trend is statistically supported, but recent momentum is not positive."
5,Question Answering,160,0.0704242145416848,0.0198619875994551,0.5852765083476226,increasing,-0.2382513968433233,decreasing,True,True,True,False,True,4,False,statistically_supported_growth,"Long-term prevalence is increasing at approximately 0.070 percentage points per year, with an FDR-adjusted p-value of 0.019862.",Recent prevalence decreased by 0.238 percentage points relative to the previous-period baseline.,"The topic contains 160 papers in 2024, providing a measurable research volume.",The linear trend explains approximately 58.5% of the variation in yearly topic prevalence.,Supporting signals: statistically supported growth; meaningful long-term slope; strong trend fit; sufficient research volume.,"Question Answering shows statistically supported long-term growth, but does not currently show the full combination of recent momentum and volume required by the Research Radar.","Long-term increasing trend is statistically supported, but recent momentum is not positive."
0,Multi-Armed Bandits,190,-0.0635621373460993,0.1270074536180589,0.3057158402605146,no_clear_trend,0.2206003180813609,increasing,False,False,True,True,True,3,False,recent_momentum,No clear long-term increasing or decreasing trend was detected.,Recent prevalence increased by 0.221 percentage points relative to the previous-period baseline.,"The topic contains 190 papers in 2024, providing a measurable research volume.",The linear trend explains approximately 30.6% of the variation in yearly topic prevalence.,Supporting signals: strong trend fit; positive recent momentum; sufficient research volume.,"Multi-Armed Bandits shows recent positive momentum, but the available long-term evidence does not currently satisfy the Research Radar growth criteria.","Recent prevalence increased, but long-term statistical evidence does not meet the trend threshold."
4,Neural Networks and Deep Learning,761,-0.1955244272809218,0.1260580171618653,0.3133327773093247,no_clear_trend,0.4947425620721617,increasing,False,False,True,True,True,3,False,recent_momentum,No clear long-term increasing or decreasing trend was detected.,Recent prevalence increased by 0.495 percentage points relative to the previous-period baseline.,"The topic contains 761 papers in 2024, providing a measurable research volume.",The linear trend explains approximately 31.3% of the variation in yearly topic prevalence.,Supporting signals: strong trend fit; positive recent momentum; sufficient research volume.,"Neural Networks and Deep Learning shows recent positive momentum, but the available long-term evidence does not currently satisfy the Research Radar growth criteria.","Recent prevalence increased, but long-term statistical evidence does not meet the trend threshold."
14,Bayesian and Variational Inference,342,-0.3843564097576177,0.0094263490554535,0.6639814425977382,decreasing,0.3240127821193437,increasing,False,False,True,True,True,3,False,recent_momentum,Long-term prevalence is decreasing at approximately 0.384 percentage points per year.,Recent prevalence increased by 0.324 percentage points relative to the previous-period baseline.,"The topic contains 342 papers in 2024, providing a measurable research volume.",The linear trend explains approximately 66.4% of the variation in yearly topic prevalence.,Supporting signals: strong trend fit; positive recent momentum; sufficient research volume.,"Bayesian and Variational Inference shows recent positive momentum, but the available long-term evidence does not currently satisfy the Research Radar growth criteria.","Recent prevalence increased, but long-term statistical evidence does not meet the trend threshold."
25,General Learning and Classification Methods,1160,-1.0144400512765743,0.0060445051753747,0.7097955383587742,decreasing,0.962205562597692,increasing,False,False,True,True,True,3,False,recent_momentum,Long-term prevalence is decreasing at approximately 1.014 percentage points per year.,Recent prevalence increased by 0.962 percentage points relative to the previous-period baseline.,"The topic contains 1,160 papers in 2024, providing a measurable research volume.",The linear trend explains approximately 71.0% of the variation in yearly topic prevalence.,Supporting signals: strong trend fit; positive recent momentum; sufficient research volume.,"General Learning and Classification Methods shows recent positive momentum, but the available long-term evidence does not currently satisfy the Research Radar growth criteria.","Recent prevalence increased, but long-term statistical evidence does not meet the trend threshold."
1,Text and Social Media Analysis,594,0.174850296738486,0.1385755623402339,0.2864855773021855,no_clear_trend,-1.8363281204839608,decreasing,False,True,False,False,True,2,False,established_volume,No clear long-term increasing or decreasing trend was detected.,Recent prevalence decreased by 1.836 percentage points relative to the previous-period baseline.,"The topic contains 594 papers in 2024, providing a measurable research volume.",The linear trend explains approximately 28.6% of the variation in yearly topic prevalence.,Supporting signals: meaningful long-term slope; sufficient research volume.,"Text and Social Media Analysis has substantial research volume, but its current trend evidence does not produce the full emerging-topic signal.","Substantial research volume, without the full emerging-topic signal."
22,Adversarial Robustness,93,0.0850350247455072,0.3808808755118532,0.1127711275134144,no_clear_trend,-0.5973721556505021,decreasing,False,True,False,False,True,2,False,established_volume,No clear long-term increasing or decreasing trend was detected.,Recent prevalence decreased by 0.597 percentage points relative to the previous-period baseline.,"The topic contains 93 papers in 2024, providing a measurable research volume.",The linear trend explains approximately 11.3% of the variation in yearly topic prevalence.,Supporting signals: meaningful long-term slope; sufficient research volume.,"Adversarial Robustness has substantial research volume, but its current trend evidence does not produce the full emerging-topic signal.","Substantial research volume, without the full emerging-topic signal."
3,Named Entity and Relation Extraction,92,0.0576631314108402,0.173856806848681,0.2459668875254937,no_clear_trend,-0.664435001139083,decreasing,False,True,False,False,True,2,False,established_volume,No clear long-term increasing or decreasing trend was detected.,Recent prevalence decreased by 0.664 percentage points relative to the previous-period baseline.,"The topic contains 92 papers in 2024, providing a measurable research volume.",The linear trend explains approximately 24.6% of the variation in yearly topic prevalence.,Supporting signals: meaningful long-term slope; sufficient research volume.,"Named Entity and Relation Extraction has substantial research volume, but its current trend evidence does not produce the full emerging-topic signal.","Substantial research volume, without the full emerging-topic signal."
20,Evolutionary and Multi-Objective Optimization,514,0.0041551751568993,0.9524687650423264,0.0004725769433144,no_clear_trend,0.7551976401925717,increasing,False,False,False,True,True,2,False,recent_momentum,No clear long-term increasing or decreasing trend was detected.,Recent prevalence increased by 0.755 percentage points relative to the previous-period baseline.,"The topic contains 514 papers in 2024, providing a measurable research volume.",The linear trend explains approximately 0.0% of the variation in yearly topic prevalence.,Supporting signals: positive recent momentum; sufficient research volume.,"Evolutionary and Multi-Objective Optimization shows recent positive momentum, but the available long-term evidence does not currently satisfy the Research Radar growth criteria.","Recent prevalence increased, but long-term statistical evidence does not meet the trend threshold."
16,Neural Machine Translation,118,-0.0665329458662208,0.1122814481460752,0.3367880794107247,no_clear_trend,-0.3574168362119136,decreasing,False,False,True,False,True,2,False,established_volume,No clear long-term increasing or decreasing trend was detected.,Recent prevalence decreased by 0.357 percentage points relative to the previous-period baseline.,"The topic contains 118 papers in 2024, providing a measurable research volume.",The linear trend explains approximately 33.7% of the variation in yearly topic prevalence.,Supporting signals: strong trend fit; sufficient research volume.,"Neural Machine Translation has substantial research volume, but its current trend evidence does not produce the full emerging-topic signal.","Substantial research volume, without the full emerging-topic signal."
15,Optimization for Neural Network Training,154,-0.146276945646868,0.0169727605900317,0.6067800254625362,decreasing,-0.0534361576547484,decreasing,False,False,True,False,True,2,False,established_volume,Long-term prevalence is decreasing at approximately 0.146 percentage points per year.,Recent prevalence decreased by 0.053 percentage points relative to the previous-period baseline.,"The topic contains 154 papers in 2024, providing a measurable research volume.",The linear trend explains approximately 60.7% of the variation in yearly topic prevalence.,Supporting signals: strong trend fit; sufficient research volume.,"Optimization for Neural Network Training has substantial research volume, but its current trend evidence does not produce the full emerging-topic signal.","Substantial research volume, without the full emerging-topic signal."
7,Word Embeddings and Semantic Representations,51,-0.2395994163921496,0.0006312200279794,0.8808237068231815,decreasing,-0.6306796442982009,decreasing,False,False,True,False,True,2,False,established_volume,Long-term prevalence is decreasing at approximately 0.240 percentage points per year.,Recent prevalence decreased by 0.631 percentage points relative to the previous-period baseline.,"The topic contains 51 papers in 2024, providing a measurable research volume.",The linear trend explains approximately 88.1% of the variation in yearly topic prevalence.,Supporting signals: strong trend fit; sufficient research volume.,"Word Embeddings and Semantic Representations has substantial research volume, but its current trend evidence does not produce the full emerging-topic signal.","Substantial research volume, without the full emerging-topic signal."
18,Clustering Methods,94,-0.240166759472983,0.0023788222045485,0.7843480867407087,decreasing,-0.2517066316720452,decreasing,False,False,True,False,True,2,False,established_volume,Long-term prevalence is decreasing at approximately 0.240 percentage points per year.,Recent prevalence decreased by 0.252 percentage points relative to the previous-period baseline.,"The topic contains 94 papers in 2024, providing a measurable research volume.",The linear trend explains approximately 78.4% of the variation in yearly topic prevalence.,Supporting signals: strong trend fit; sufficient research volume.,"Clustering Methods has substantial research volume, but its current trend evidence does not produce the full emerging-topic signal.","Substantial research volume, without the full emerging-topic signal."
28,Video Understanding and Action Recognition,51,-0.2999826876822116,0.0070325535378857,0.692681263603424,decreasing,-2.0627363391947635,decreasing,False,False,True,False,True,2,False,established_volume,Long-term prevalence is decreasing at approximately 0.300 percentage points per year.,Recent prevalence decreased by 2.063 percentage points relative to the previous-period baseline.,"The topic contains 51 papers in 2024, providing a measurable research volume.",The linear trend explains approximately 69.3% of the variation in yearly topic prevalence.,Supporting signals: strong trend fit; sufficient research volume.,"Video Understanding and Action Recognition has substantial research volume, but its current trend evidence does not produce the full emerging-topic signal.","Substantial research volume, without the full emerging-topic signal."
23,Convolutional Neural Networks,74,-0.873825989629674,0.0023788222045485,0.7794322479017974,decreasing,-0.9847807750244713,decreasing,False,False,True,False,True,2,False,established_volume,Long-term prevalence is decreasing at approximately 0.874 percentage points per year.,Recent prevalence decreased by 0.985 percentage points relative to the previous-period baseline.,"The topic contains 74 papers in 2024, providing a measurable research volume.",The linear trend explains approximately 77.9% of the variation in yearly topic prevalence.,Supporting signals: strong trend fit; sufficient research volume.,"Convolutional Neural Networks has substantial research volume, but its current trend evidence does not produce the full emerging-topic signal.","Substantial research volume, without the full emerging-topic signal."
10,Image Segmentation and Image Analysis,176,-0.9464245127300572,0.0008263772092863,0.8525008002563254,decreasing,-4.415999074168141,decreasing,False,False,True,False,True,2,False,established_volume,Long-term prevalence is decreasing at approximately 0.946 percentage points per year.,Recent prevalence decreased by 4.416 percentage points relative to the previous-period baseline.,"The topic contains 176 papers in 2024, providing a measurable research volume.",The linear trend explains approximately 85.3% of the variation in yearly topic prevalence.,Supporting signals: strong trend fit; sufficient research volume.,"Image Segmentation and Image Analysis has substantial research volume, but its current trend evidence does not produce the full emerging-topic signal.","Substantial research volume, without the full emerging-topic signal."
2,Domain Adaptation,71,0.0292264879789378,0.5008876739648448,0.0630148383267455,no_clear_trend,-0.8054025269428673,decreasing,False,False,False,False,True,1,False,established_volume,No clear long-term increasing or decreasing trend was detected.,Recent prevalence decreased by 0.805 percentage points relative to the previous-period baseline.,"The topic contains 71 papers in 2024, providing a measurable research volume.",The linear trend explains approximately 6.3% of the variation in yearly topic prevalence.,Supporting signals: sufficient research volume.,"Domain Adaptation has substantial research volume, but its current trend evidence does not produce the full emerging-topic signal.","Substantial research volume, without the full emerging-topic signal."
19,Generative Adversarial Networks,78,-0.0839502545764314,0.5008876739648448,0.0635668802856284,no_clear_trend,-0.5893822866819078,decreasing,False,False,False,False,True,1,False,established_volume,No clear long-term increasing or decreasing trend was detected.,Recent prevalence decreased by 0.589 percentage points relative to the previous-period baseline.,"The topic contains 78 papers in 2024, providing a measurable research volume.",The linear trend explains approximately 6.4% of the variation in yearly topic prevalence.,Supporting signals: sufficient research volume.,"Generative Adversarial Networks has substantial research volume, but its current trend evidence does not produce the full emerging-topic signal.","Substantial research volume, without the full emerging-topic signal."
13,Object Detection and Tracking,37,-0.202451464273472,0.0332748489793179,0.5184706113289859,decreasing,-2.2741485295441324,decreasing,False,False,True,False,False,1,False,limited_signal,Long-term prevalence is decreasing at approximately 0.202 percentage points per year.,Recent prevalence decreased by 2.274 percentage points relative to the previous-period baseline.,"The topic contains 37 papers in 2024, providing a measurable research volume.",The linear trend explains approximately 51.8% of the variation in yearly topic prevalence.,Supporting signals: strong trend fit.,Object Detection and Tracking does not currently show enough evidence to satisfy the Research Radar emerging-topic criteria.,No complete emerging-topic signal under the current rules.
17,3D Vision and Pose Estimation,30,-0.1375485300171854,0.2017998970899174,0.2169289683186034,no_clear_trend,-2.374833569810169,decreasing,False,False,False,False,False,0,False,limited_signal,No clear long-term increasing or decreasing trend was detected.,Recent prevalence decreased by 2.375 percentage points relative to the previous-period baseline.,"The topic contains 30 papers in 2024, providing a measurable research volume.",The linear trend explains approximately 21.7% of the variation in yearly topic prevalence.,No supporting signals met the current thresholds.,3D Vision and Pose Estimation does not currently show enough evidence to satisfy the Research Radar emerging-topic criteria.,No complete emerging-topic signal under the current rules.
