cluster,topic_label,change_point_year,change_point_mean_before,change_point_mean_after,change_point_mean_shift,change_point_relative_shift,change_point_detected,change_point_direction
24,Large Language Models,2022,0.021100763146133832,10.266461090489347,10.245360327343214,48554.45396163508,True,upward_shift
6,Computer Vision and Open-Source Methods,2021,1.4582951614094373,5.7737092289453145,4.315414067535877,295.9218532526052,True,upward_shift
8,Natural Language Processing,2021,2.4429623918657977,5.316052345867951,2.8730899540021535,117.60680244479116,True,upward_shift
26,Graph Neural Networks,2019,1.153805893422185,3.947135988142442,2.7933300947202566,242.09705554850714,True,upward_shift
21,Reinforcement Learning,2018,2.5761494411702794,4.921871911059872,2.345722469889593,91.055372502924,True,upward_shift
11,General Machine Learning and AI,2021,10.364947799115308,12.241414239258631,1.8764664401433233,18.103964211990412,True,upward_shift
1,Text and Social Media Analysis,2021,5.236686019489251,6.497494344823793,1.2608083253345423,24.076454472202872,True,upward_shift
12,Federated Learning,2020,0.1624354506094121,1.4207897643021732,1.258354313692761,774.6796090211649,True,upward_shift
22,Adversarial Robustness,2018,0.42784225916306545,1.6265531169453669,1.1987108577823014,280.17589008790065,True,upward_shift
29,Multilingual and Cross-Lingual NLP,2021,0.8721008252216023,1.9021353110995776,1.0300344858779753,118.10956440916587,True,upward_shift
9,Time-Series Forecasting,2020,1.068689955866628,1.8399894745331458,0.7712995186665177,72.17243078148434,True,upward_shift
27,Dialogue Systems,2019,0.6614206391291573,1.359141224363402,0.6977205852342447,105.48817862002022,True,upward_shift
3,Named Entity and Relation Extraction,2019,0.807152003001627,1.2978817381604415,0.49072973515881446,60.79768535962182,True,upward_shift
5,Question Answering,2019,1.0713691386394697,1.5206120450365328,0.4492429063970631,41.93166390508094,True,upward_shift
2,Domain Adaptation,2018,0.8523344971331864,1.2733594220495148,0.42102492491632837,49.396677751802734,True,upward_shift
20,Evolutionary and Multi-Objective Optimization,2020,3.7048107656318137,3.9902013151624174,0.2853905495306037,7.703242286436554,True,upward_shift
0,Multi-Armed Bandits,2022,1.8226342075320885,1.4130568108223072,-0.4095773967097813,-22.47172773435234,True,downward_shift
16,Neural Machine Translation,2022,1.7115319756645702,1.214619765066729,-0.4969122105978412,-29.033182999978447,True,downward_shift
15,Optimization for Neural Network Training,2021,2.343192801851618,1.3675488879160893,-0.9756439139355289,-41.63737244176253,True,downward_shift
17,3D Vision and Pose Estimation,2022,2.755559073541513,1.754120593275882,-1.001438480265631,-36.34247909548741,True,downward_shift
19,Generative Adversarial Networks,2022,2.016263864094657,0.9381150026897441,-1.0781488614049128,-53.47260745998755,True,downward_shift
13,Object Detection and Tracking,2022,2.8137143027891156,1.7222836899540235,-1.0914306128350921,-38.78967426626091,True,downward_shift
18,Clustering Methods,2018,2.5625471391322154,1.2548068986036862,-1.3077402405285292,-51.032826696463594,True,downward_shift
7,Word Embeddings and Semantic Representations,2020,2.36641006205788,1.0278371386464316,-1.3385729234114483,-56.565552389825335,True,downward_shift
28,Video Understanding and Action Recognition,2018,3.85651722199855,2.304510461512129,-1.552006760486421,-40.24373991209949,True,downward_shift
4,Neural Networks and Deep Learning,2021,7.958037839034915,6.188722407814037,-1.7693154312208783,-22.23306130240072,True,downward_shift
14,Bayesian and Variational Inference,2021,4.6669006129627135,2.705012135675814,-1.9618884772868994,-42.03835993073405,True,downward_shift
10,Image Segmentation and Image Analysis,2019,10.512982251478126,5.470903655380353,-5.042078596097773,-47.96049755899527,True,downward_shift
23,Convolutional Neural Networks,2019,7.350642634206238,2.1278177346179814,-5.222824899588257,-71.05262981067567,True,downward_shift
25,General Learning and Classification Methods,2018,16.065548058021463,10.425559124027327,-5.639988933994136,-35.10610975501774,True,downward_shift
