cluster,topic_label,years_used,trend_slope,trend_p_value,trend_r_squared,trend_direction,latest_complete_year,latest_share_percent,previous_average_share_percent,recent_share_change_percentage_points,recent_momentum_direction,trend_p_value_fdr,statistically_significant,emerging_candidate
26,Graph Neural Networks,10,0.47379324563779895,3.951638304411463e-05,0.8915973018752843,increasing,2024,4.353073010947332,4.226091941925781,0.12698106902155093,increasing,0.0006312200279794002,True,True
12,Federated Learning,10,0.2109312658148813,7.464304583437335e-05,0.8731753155868494,increasing,2024,1.5602103266959746,1.4705015931369736,0.089708733559001,increasing,0.0006312200279794002,True,True
9,Time-Series Forecasting,10,0.14756967364951734,0.0004118536645499892,0.8071065498056598,increasing,2024,2.534264287561417,1.6790744940283406,0.8551897935330766,increasing,0.0017650871337856681,True,True
11,General Machine Learning and AI,10,0.2851913796777683,0.011843798229028422,0.5677998462099292,increasing,2024,13.283337643306613,11.894106437909302,1.3892312053973104,increasing,0.02220712167942829,True,True
6,Computer Vision and Open-Source Methods,10,0.7583359308230888,8.416267039725336e-05,0.8693677074428767,increasing,2024,4.921989483665201,6.057615810705353,-1.1356263270401517,decreasing,0.0006312200279794002,True,False
7,Word Embeddings and Semantic Representations,10,-0.23959941639214963,5.8002826301299984e-05,0.8808237068231815,decreasing,2024,0.4396172743728989,1.0702969186710998,-0.6306796442982009,decreasing,0.0006312200279794002,True,False
29,Multilingual and Cross-Lingual NLP,10,0.17644076374603576,0.00016527544185726182,0.8457745186625367,increasing,2024,1.7757089906042582,1.9442774179313507,-0.16856842732709243,decreasing,0.000826377209286309,True,False
10,Image Segmentation and Image Analysis,10,-0.9464245127300571,0.00013784818478158997,0.8525008002563254,decreasing,2024,1.5171105939143177,5.933109668082459,-4.415999074168141,decreasing,0.000826377209286309,True,False
18,Clustering Methods,10,-0.24016675947298305,0.000650546286663406,0.7843480867407087,decreasing,2024,0.810274976295147,1.0619816079671922,-0.2517066316720452,decreasing,0.0023788222045485283,True,False
23,Convolutional Neural Networks,10,-0.873825989629674,0.0007136466613645586,0.7794322479017974,decreasing,2024,0.6378760451685199,1.6226568201929912,-0.9847807750244713,decreasing,0.0023788222045485283,True,False
8,Natural Language Processing,10,0.48639569998090176,0.0009009755349494249,0.766570397227613,increasing,2024,4.309973278165676,5.651412035102044,-1.341438756936368,decreasing,0.0027029266048482744,True,False
25,General Learning and Classification Methods,10,-1.0144400512765743,0.0022163185643040567,0.7097955383587742,decreasing,2024,9.999138005344369,9.036932442746677,0.962205562597692,increasing,0.0060445051753747,True,False
28,Video Understanding and Action Recognition,10,-0.29998268768221165,0.0028130214151543048,0.692681263603424,decreasing,2024,0.4396172743728989,2.5023536135676623,-2.0627363391947635,decreasing,0.0070325535378857615,True,False
14,Bayesian and Variational Inference,10,-0.3843564097576177,0.0040847512573632125,0.6639814425977382,decreasing,2024,2.948021722265322,2.6240089401459783,0.3240127821193437,increasing,0.009426349055453568,True,False
15,Optimization for Neural Network Training,10,-0.14627694564686808,0.007920621608681504,0.6067800254625362,decreasing,2024,1.327471769675028,1.3809079273297764,-0.053436157654748406,decreasing,0.016972760590031794,True,False
5,Question Answering,10,0.07042421454168485,0.00993099379972755,0.5852765083476226,increasing,2024,1.3791914490130162,1.6174428458563395,-0.2382513968433233,decreasing,0.0198619875994551,True,False
13,Object Detection and Tracking,10,-0.20245146427347205,0.018855747754946837,0.5184706113289859,decreasing,2024,0.3189380225842599,2.5930865521283923,-2.2741485295441324,decreasing,0.03327484897931794,True,False
21,Reinforcement Learning,10,0.2882650002853755,0.02405858869518142,0.4907146326858341,increasing,2024,4.6633910869752615,4.756122107274553,-0.0927310202992917,decreasing,0.04009764782530237,True,False
27,Dialogue Systems,10,0.10422864766430066,0.03037746533571885,0.4628933592750667,increasing,2024,0.810274976295147,1.6264775096950268,-0.8162025333998798,decreasing,0.047964418951135034,True,False
24,Large Language Models,6,3.7429084509224895,0.034973306435639416,0.7109025895681483,increasing,2024,20.067235583139382,3.5936291393904334,16.47360644374895,increasing,0.05245995965345912,False,False
16,Neural Machine Translation,10,-0.06653294586622088,0.07859701370225268,0.33678807941072475,no_clear_trend,2024,1.0171536936470995,1.3745705298590132,-0.35741683621191367,decreasing,0.11228144814607526,False,False
4,Neural Networks and Deep Learning,10,-0.1955244272809218,0.09244254591870125,0.31333277730932474,no_clear_trend,2024,6.559779329368158,6.065036767295997,0.4947425620721617,increasing,0.12605801716186535,False,False
0,Multi-Armed Bandits,10,-0.06356213734609932,0.09737238110717851,0.3057158402605146,no_clear_trend,2024,1.6377898457029565,1.4171895276215956,0.22060031808136094,increasing,0.12700745361805893,False,False
1,Text and Social Media Analysis,10,0.17485029673848607,0.11086044987218716,0.2864855773021855,no_clear_trend,2024,5.120248254460822,6.956576374944784,-1.8363281204839614,decreasing,0.13857556234023394,False,False
3,Named Entity and Relation Extraction,10,0.05766313141084023,0.1448806723739009,0.24596688752549373,no_clear_trend,2024,0.7930350831824843,1.4574700843215673,-0.664435001139083,decreasing,0.17385680684868107,False,False
17,3D Vision and Pose Estimation,10,-0.13754853001718548,0.17489324414459514,0.21692896831860348,no_clear_trend,2024,0.2585983966899405,2.6334319665001096,-2.374833569810169,decreasing,0.20179989708991747,False,False
22,Adversarial Robustness,10,0.0850350247455072,0.34279278796066787,0.11277112751341441,no_clear_trend,2024,0.8016550297388156,1.3990271853893177,-0.5973721556505021,decreasing,0.3808808755118532,False,False
2,Domain Adaptation,10,0.02922648797893782,0.48419141816601663,0.06301483832674559,no_clear_trend,2024,0.612016205499526,1.4174187324423932,-0.8054025269428673,decreasing,0.5008876739648448,False,False
19,Generative Adversarial Networks,10,-0.08395025457643146,0.4822188351832775,0.06356688028562849,no_clear_trend,2024,0.6723558313938454,1.2617381180757532,-0.5893822866819078,decreasing,0.5008876739648448,False,False
20,Evolutionary and Multi-Objective Optimization,10,0.004155175156899364,0.9524687650423264,0.00047257694331440456,no_clear_trend,2024,4.430652529954314,3.675454889761742,0.7551976401925717,increasing,0.9524687650423264,False,False
