cluster,topic_label,representative_papers,mean_similarity,median_similarity,min_similarity,max_similarity,similarity_std,coherence_class,emerging_candidate,interpretation,similarity_range,coherence_threshold_high,coherence_threshold_moderate
12,Federated Learning,25,0.9369541925625318,0.937816131513194,0.9275812738211474,0.9544394700351704,0.006567324091675043,high_semantic_coherence,True,emerging_focused_research_area,0.026858196214022967,0.9,0.8
9,Time-Series Forecasting,25,0.9005756545705904,0.8979834819401014,0.8898690495778709,0.9254555788893084,0.009684510809768985,high_semantic_coherence,True,emerging_focused_research_area,0.035586529311437465,0.9,0.8
26,Graph Neural Networks,25,0.8805989755453949,0.8784574409828602,0.87160571240618,0.9033284815293996,0.008281416066797517,moderate_semantic_coherence,True,emerging_area_with_moderate_focus,0.031722769123219585,0.9,0.8
11,General Machine Learning and AI,25,0.7535607771917888,0.7511495464511407,0.7415502147939134,0.7906665856169341,0.010593308807276476,broad_or_mixed_cluster,True,emerging_but_broad_or_mixed,0.04911637082302078,0.9,0.8
0,Multi-Armed Bandits,25,0.9328657462065704,0.9321141991068777,0.926589243128321,0.9447739154662144,0.004817888836436156,high_semantic_coherence,False,established_focused_research_area,0.018184672337893337,0.9,0.8
16,Neural Machine Translation,25,0.9273778307740723,0.9269127873311228,0.9207868279766798,0.9387574033402764,0.005550532082608664,high_semantic_coherence,False,established_focused_research_area,0.017970575363596586,0.9,0.8
2,Domain Adaptation,25,0.9145767788918989,0.9165310076290882,0.9060812165315332,0.924911074256922,0.005735132002633747,high_semantic_coherence,False,established_focused_research_area,0.01882985772538881,0.9,0.8
22,Adversarial Robustness,25,0.9120742870354337,0.9106409659023532,0.9054319166749326,0.9294016359840904,0.006159344126119192,high_semantic_coherence,False,established_focused_research_area,0.02396971930915781,0.9,0.8
24,Large Language Models,25,0.9032709030759404,0.9015450679266964,0.8948614958111749,0.9231265820254853,0.00655648033218241,high_semantic_coherence,False,established_focused_research_area,0.028265086214310342,0.9,0.8
5,Question Answering,25,0.8976115422043507,0.8953391271469378,0.8850626923532444,0.9239471096016236,0.010982820892499611,moderate_semantic_coherence,False,established_area_with_moderate_focus,0.03888441724837921,0.9,0.8
15,Optimization for Neural Network Training,25,0.8936900421651002,0.8876549036515816,0.8822124128307546,0.9275939928949122,0.011754437907629731,moderate_semantic_coherence,False,established_area_with_moderate_focus,0.0453815800641576,0.9,0.8
7,Word Embeddings and Semantic Representations,25,0.8879748314617487,0.8846792139971832,0.8775602071623518,0.9195134049310844,0.010479698788120115,moderate_semantic_coherence,False,established_area_with_moderate_focus,0.04195319776873252,0.9,0.8
19,Generative Adversarial Networks,25,0.8843397458506946,0.8823913314663647,0.8756217435131539,0.9070829452551032,0.008109462329017679,moderate_semantic_coherence,False,established_area_with_moderate_focus,0.03146120174194933,0.9,0.8
18,Clustering Methods,25,0.8842552411030435,0.8831038822853772,0.8763225436404043,0.8944385236800046,0.00571322865100322,moderate_semantic_coherence,False,established_area_with_moderate_focus,0.018115980039600355,0.9,0.8
27,Dialogue Systems,25,0.8835575369757575,0.879850282842283,0.8747713994738224,0.8988081130970162,0.00824966096664704,moderate_semantic_coherence,False,established_area_with_moderate_focus,0.024036713623193817,0.9,0.8
21,Reinforcement Learning,25,0.8825675828721051,0.8815191712573688,0.872600526937882,0.901262576960194,0.00786228614544977,moderate_semantic_coherence,False,established_area_with_moderate_focus,0.028662050022311925,0.9,0.8
29,Multilingual and Cross-Lingual NLP,25,0.87765734059386,0.8770051107445954,0.8663644772588199,0.8953104258207076,0.009270766012208909,moderate_semantic_coherence,False,established_area_with_moderate_focus,0.028945948561887702,0.9,0.8
3,Named Entity and Relation Extraction,25,0.8654813075093649,0.8643629807025297,0.8520923842467573,0.8886961731887769,0.009191557660449613,moderate_semantic_coherence,False,established_area_with_moderate_focus,0.036603788942019655,0.9,0.8
13,Object Detection and Tracking,25,0.8626318919488366,0.8591537039559187,0.8548404176774445,0.881491593934579,0.008168062684708434,moderate_semantic_coherence,False,established_area_with_moderate_focus,0.026651176257134535,0.9,0.8
20,Evolutionary and Multi-Objective Optimization,25,0.8606562697626637,0.8604958741806984,0.8510169742162732,0.8876091725256512,0.009014545716820583,moderate_semantic_coherence,False,established_area_with_moderate_focus,0.03659219830937799,0.9,0.8
23,Convolutional Neural Networks,25,0.8369252899556888,0.8338695421393565,0.8242637977285839,0.8693824379770609,0.011703815455814488,moderate_semantic_coherence,False,established_area_with_moderate_focus,0.045118640248477004,0.9,0.8
28,Video Understanding and Action Recognition,25,0.8307195559423196,0.8277509931111946,0.8184356379337915,0.8563422165981105,0.010912160769184337,moderate_semantic_coherence,False,established_area_with_moderate_focus,0.03790657866431901,0.9,0.8
8,Natural Language Processing,25,0.8290572349991385,0.828444212582482,0.8131558487107389,0.8512294927221222,0.01157158942986624,moderate_semantic_coherence,False,established_area_with_moderate_focus,0.038073644011383356,0.9,0.8
14,Bayesian and Variational Inference,25,0.8247857353320169,0.8273848163973534,0.8065386319610954,0.8522267908895282,0.013363385655653863,moderate_semantic_coherence,False,established_area_with_moderate_focus,0.04568815892843281,0.9,0.8
17,3D Vision and Pose Estimation,25,0.8182282338328245,0.8183559445532063,0.798146593901818,0.8567364807043444,0.014705584060484085,moderate_semantic_coherence,False,established_area_with_moderate_focus,0.058589886802526414,0.9,0.8
4,Neural Networks and Deep Learning,25,0.8131088512671625,0.8080313350637731,0.8016198060417227,0.8494639822857138,0.012609551051321253,moderate_semantic_coherence,False,established_area_with_moderate_focus,0.04784417624399118,0.9,0.8
6,Computer Vision and Open-Source Methods,25,0.7970546235522166,0.7909330583019709,0.7801640083670931,0.8582420510929467,0.019523366575939945,broad_or_mixed_cluster,False,established_but_broad_or_mixed,0.07807804272585361,0.9,0.8
10,Image Segmentation and Image Analysis,25,0.7625838109993446,0.7604870432660796,0.7508851988175,0.8100046106675074,0.012738638361593732,broad_or_mixed_cluster,False,established_but_broad_or_mixed,0.05911941185000735,0.9,0.8
1,Text and Social Media Analysis,25,0.737520178810006,0.7314256157277833,0.723357412570002,0.7848776319003063,0.015431874277791385,broad_or_mixed_cluster,False,established_but_broad_or_mixed,0.06152021933030438,0.9,0.8
25,General Learning and Classification Methods,25,0.7362690489507405,0.7322419106380009,0.7219570610907261,0.7602641504233502,0.010924962225143218,broad_or_mixed_cluster,False,established_but_broad_or_mixed,0.038307089332624056,0.9,0.8
