year,cluster,topic_label,paper_count,total_papers,topic_share,topic_share_percent,previous_year_count,previous_year_share,count_growth,count_growth_percent,share_change,share_change_percentage_points,first_date,last_date,year_status,is_partial_year
2015,0,Multi-Armed Bandits,80,3338,0.02396644697423607,2.396644697423607,,,,,,,2015-01-01,2015-12-31,complete,False
2016,0,Multi-Armed Bandits,100,5829,0.0171556013038257,1.71556013038257,80.0,0.02396644697423607,20.0,25.0,-0.006810845670410369,-0.6810845670410369,2016-01-01,2016-12-31,complete,False
2017,0,Multi-Armed Bandits,138,8808,0.015667574931880108,1.5667574931880108,100.0,0.0171556013038257,38.0,38.0,-0.0014880263719455923,-0.14880263719455922,2017-01-01,2017-12-31,complete,False
2018,0,Multi-Armed Bandits,179,11253,0.015906869279303296,1.5906869279303297,138.0,0.015667574931880108,41.0,29.71014492753623,0.00023929434742318845,0.023929434742318845,2018-01-01,2018-12-31,complete,False
2019,0,Multi-Armed Bandits,218,13204,0.016510148439866708,1.6510148439866708,179.0,0.015906869279303296,39.0,21.787709497206702,0.0006032791605634115,0.06032791605634115,2019-01-01,2019-12-31,complete,False
2020,0,Multi-Armed Bandits,313,14308,0.02187587363712608,2.187587363712608,218.0,0.016510148439866708,95.0,43.57798165137615,0.005365725197259374,0.5365725197259373,2020-01-01,2020-12-31,complete,False
2021,0,Multi-Armed Bandits,237,14362,0.016501879961008215,1.6501879961008215,313.0,0.02187587363712608,-76.0,-24.281150159744406,-0.005373993676117867,-0.5373993676117867,2021-01-01,2021-12-31,complete,False
2022,0,Multi-Armed Bandits,206,15036,0.013700452247938281,1.3700452247938282,237.0,0.016501879961008215,-31.0,-13.080168776371309,-0.0028014277130699334,-0.28014277130699333,2022-01-01,2022-12-31,complete,False
2023,0,Multi-Armed Bandits,174,14131,0.012313353619701366,1.2313353619701366,206.0,0.013700452247938281,-32.0,-15.53398058252427,-0.0013870986282369154,-0.13870986282369155,2023-01-01,2023-12-31,complete,False
2024,0,Multi-Armed Bandits,190,11601,0.016377898457029565,1.6377898457029565,174.0,0.012313353619701366,16.0,9.195402298850574,0.0040645448373282,0.40645448373281995,2024-01-01,2024-12-31,complete,False
2025,0,Multi-Armed Bandits,18,493,0.036511156186612576,3.6511156186612577,190.0,0.016377898457029565,-172.0,-90.52631578947368,0.02013325772958301,2.013325772958301,2025-01-01,2025-01-30,partial,True
2015,1,Text and Social Media Analysis,143,3338,0.042840023966446976,4.284002396644698,,,,,,,2015-01-01,2015-12-31,complete,False
2016,1,Text and Social Media Analysis,293,5829,0.0502659118202093,5.02659118202093,143.0,0.042840023966446976,150.0,104.8951048951049,0.007425887853762324,0.7425887853762324,2016-01-01,2016-12-31,complete,False
2017,1,Text and Social Media Analysis,554,8808,0.06289736603088102,6.289736603088102,293.0,0.0502659118202093,261.0,89.07849829351537,0.012631454210671716,1.2631454210671715,2017-01-01,2017-12-31,complete,False
2018,1,Text and Social Media Analysis,572,11253,0.05083088954056696,5.083088954056696,554.0,0.06289736603088102,18.0,3.2490974729241873,-0.012066476490314053,-1.2066476490314053,2018-01-01,2018-12-31,complete,False
2019,1,Text and Social Media Analysis,744,13204,0.05634656164798546,5.634656164798546,572.0,0.05083088954056696,172.0,30.069930069930066,0.005515672107418497,0.5515672107418497,2019-01-01,2019-12-31,complete,False
2020,1,Text and Social Media Analysis,730,14308,0.05102040816326531,5.1020408163265305,744.0,0.05634656164798546,-14.0,-1.881720430107527,-0.005326153484720153,-0.5326153484720153,2020-01-01,2020-12-31,complete,False
2021,1,Text and Social Media Analysis,998,14362,0.06948892911850717,6.948892911850717,730.0,0.05102040816326531,268.0,36.71232876712329,0.01846852095524186,1.846852095524186,2021-01-01,2021-12-31,complete,False
2022,1,Text and Social Media Analysis,1094,15036,0.07275871242351689,7.275871242351689,998.0,0.06948892911850717,96.0,9.619238476953909,0.003269783305009724,0.3269783305009724,2022-01-01,2022-12-31,complete,False
2023,1,Text and Social Media Analysis,939,14131,0.06644964970631943,6.644964970631944,1094.0,0.07275871242351689,-155.0,-14.168190127970751,-0.006309062717197458,-0.6309062717197458,2023-01-01,2023-12-31,complete,False
2024,1,Text and Social Media Analysis,594,11601,0.05120248254460822,5.120248254460822,939.0,0.06644964970631943,-345.0,-36.74121405750799,-0.015247167161711213,-1.5247167161711213,2024-01-01,2024-12-31,complete,False
2025,1,Text and Social Media Analysis,3,493,0.006085192697768763,0.6085192697768762,594.0,0.05120248254460822,-591.0,-99.4949494949495,-0.04511728984683946,-4.511728984683946,2025-01-01,2025-01-30,partial,True
2015,2,Domain Adaptation,27,3338,0.008088675853804673,0.8088675853804673,,,,,,,2015-01-01,2015-12-31,complete,False
2016,2,Domain Adaptation,43,5829,0.007376908560645051,0.7376908560645051,27.0,0.008088675853804673,16.0,59.25925925925925,-0.0007117672931596219,-0.0711767293159622,2016-01-01,2016-12-31,complete,False
2017,2,Domain Adaptation,89,8808,0.010104450499545867,1.0104450499545867,43.0,0.007376908560645051,46.0,106.9767441860465,0.0027275419389008165,0.27275419389008165,2017-01-01,2017-12-31,complete,False
2018,2,Domain Adaptation,135,11253,0.011996800853105838,1.1996800853105838,89.0,0.010104450499545867,46.0,51.68539325842697,0.0018923503535599705,0.18923503535599706,2018-01-01,2018-12-31,complete,False
2019,2,Domain Adaptation,176,13204,0.013329294153286883,1.3329294153286884,135.0,0.011996800853105838,41.0,30.37037037037037,0.0013324933001810455,0.13324933001810454,2019-01-01,2019-12-31,complete,False
2020,2,Domain Adaptation,217,14308,0.015166340508806261,1.5166340508806262,176.0,0.013329294153286883,41.0,23.295454545454543,0.001837046355519378,0.1837046355519378,2020-01-01,2020-12-31,complete,False
2021,2,Domain Adaptation,237,14362,0.016501879961008215,1.6501879961008215,217.0,0.015166340508806261,20.0,9.216589861751153,0.0013355394522019531,0.1335539452201953,2021-01-01,2021-12-31,complete,False
2022,2,Domain Adaptation,221,15036,0.01469805799414738,1.469805799414738,237.0,0.016501879961008215,-16.0,-6.751054852320674,-0.001803821966860835,-0.18038219668608352,2022-01-01,2022-12-31,complete,False
2023,2,Domain Adaptation,160,14131,0.011322624018116198,1.1322624018116199,221.0,0.01469805799414738,-61.0,-27.601809954751133,-0.003375433976031182,-0.3375433976031182,2023-01-01,2023-12-31,complete,False
2024,2,Domain Adaptation,71,11601,0.006120162054995259,0.612016205499526,160.0,0.011322624018116198,-89.0,-55.625,-0.005202461963120938,-0.5202461963120938,2024-01-01,2024-12-31,complete,False
2025,2,Domain Adaptation,2,493,0.004056795131845842,0.4056795131845842,71.0,0.006120162054995259,-69.0,-97.1830985915493,-0.0020633669231494177,-0.20633669231494176,2025-01-01,2025-01-30,partial,True
2015,3,Named Entity and Relation Extraction,22,3338,0.006590772917914919,0.659077291791492,,,,,,,2015-01-01,2015-12-31,complete,False
2016,3,Named Entity and Relation Extraction,52,5829,0.008920912677989364,0.8920912677989364,22.0,0.006590772917914919,30.0,136.36363636363635,0.0023301397600744445,0.23301397600744445,2016-01-01,2016-12-31,complete,False
2017,3,Named Entity and Relation Extraction,82,8808,0.009309718437783833,0.9309718437783834,52.0,0.008920912677989364,30.0,57.692307692307686,0.0003888057597944694,0.03888057597944694,2017-01-01,2017-12-31,complete,False
2018,3,Named Entity and Relation Extraction,84,11253,0.007464676086376966,0.7464676086376967,82.0,0.009309718437783833,2.0,2.4390243902439024,-0.001845042351406867,-0.1845042351406867,2018-01-01,2018-12-31,complete,False
2019,3,Named Entity and Relation Extraction,181,13204,0.013707967282641623,1.3707967282641624,84.0,0.007464676086376966,97.0,115.47619047619047,0.006243291196264657,0.6243291196264658,2019-01-01,2019-12-31,complete,False
2020,3,Named Entity and Relation Extraction,179,14308,0.012510483645513,1.2510483645513,181.0,0.013707967282641623,-2.0,-1.1049723756906076,-0.0011974836371286234,-0.11974836371286234,2020-01-01,2020-12-31,complete,False
2021,3,Named Entity and Relation Extraction,198,14362,0.013786380726918257,1.3786380726918257,179.0,0.012510483645513,19.0,10.614525139664805,0.0012758970814052573,0.12758970814052573,2021-01-01,2021-12-31,complete,False
2022,3,Named Entity and Relation Extraction,265,15036,0.0176243681830274,1.76243681830274,198.0,0.013786380726918257,67.0,33.83838383838384,0.003837987456109143,0.38379874561091426,2022-01-01,2022-12-31,complete,False
2023,3,Named Entity and Relation Extraction,174,14131,0.012313353619701366,1.2313353619701366,265.0,0.0176243681830274,-91.0,-34.33962264150943,-0.0053110145633260344,-0.5311014563326034,2023-01-01,2023-12-31,complete,False
2024,3,Named Entity and Relation Extraction,92,11601,0.007930350831824843,0.7930350831824843,174.0,0.012313353619701366,-82.0,-47.12643678160919,-0.004383002787876523,-0.4383002787876523,2024-01-01,2024-12-31,complete,False
2025,3,Named Entity and Relation Extraction,2,493,0.004056795131845842,0.4056795131845842,92.0,0.007930350831824843,-90.0,-97.82608695652173,-0.003873555699979001,-0.3873555699979001,2025-01-01,2025-01-30,partial,True
2015,4,Neural Networks and Deep Learning,230,3338,0.0689035350509287,6.890353505092869,,,,,,,2015-01-01,2015-12-31,complete,False
2016,4,Neural Networks and Deep Learning,477,5829,0.08183221821924859,8.183221821924858,230.0,0.0689035350509287,247.0,107.3913043478261,0.012928683168319896,1.2928683168319897,2016-01-01,2016-12-31,complete,False
2017,4,Neural Networks and Deep Learning,646,8808,0.07334241598546776,7.334241598546775,477.0,0.08183221821924859,169.0,35.42976939203354,-0.008489802233780833,-0.8489802233780832,2017-01-01,2017-12-31,complete,False
2018,4,Neural Networks and Deep Learning,965,11253,0.08575490980183062,8.575490980183062,646.0,0.07334241598546776,319.0,49.38080495356037,0.012412493816362863,1.2412493816362864,2018-01-01,2018-12-31,complete,False
2019,4,Neural Networks and Deep Learning,1109,13204,0.08398970009088155,8.398970009088154,965.0,0.08575490980183062,144.0,14.922279792746112,-0.0017652097109490672,-0.17652097109490672,2019-01-01,2019-12-31,complete,False
2020,4,Neural Networks and Deep Learning,1197,14308,0.08365949119373776,8.365949119373777,1109.0,0.08398970009088155,88.0,7.93507664562669,-0.0003302088971437883,-0.03302088971437883,2020-01-01,2020-12-31,complete,False
2021,4,Neural Networks and Deep Learning,885,14362,0.06162094415819524,6.162094415819523,1197.0,0.08365949119373776,-312.0,-26.065162907268167,-0.022038547035542526,-2.2038547035542524,2021-01-01,2021-12-31,complete,False
2022,4,Neural Networks and Deep Learning,924,15036,0.061452513966480445,6.145251396648044,885.0,0.06162094415819524,39.0,4.406779661016949,-0.000168430191714794,-0.0168430191714794,2022-01-01,2022-12-31,complete,False
2023,4,Neural Networks and Deep Learning,832,14131,0.05887764489420423,5.887764489420423,924.0,0.061452513966480445,-92.0,-9.956709956709958,-0.0025748690722762133,-0.25748690722762135,2023-01-01,2023-12-31,complete,False
2024,4,Neural Networks and Deep Learning,761,11601,0.06559779329368158,6.559779329368158,832.0,0.05887764489420423,-71.0,-8.533653846153847,0.006720148399477349,0.6720148399477349,2024-01-01,2024-12-31,complete,False
2025,4,Neural Networks and Deep Learning,35,493,0.07099391480730223,7.099391480730223,761.0,0.06559779329368158,-726.0,-95.40078843626807,0.00539612151362065,0.539612151362065,2025-01-01,2025-01-30,partial,True
2015,5,Question Answering,28,3338,0.008388256440982624,0.8388256440982624,,,,,,,2015-01-01,2015-12-31,complete,False
2016,5,Question Answering,61,5829,0.010464916795333677,1.0464916795333676,28.0,0.008388256440982624,33.0,117.85714285714286,0.002076660354351053,0.2076660354351053,2016-01-01,2016-12-31,complete,False
2017,5,Question Answering,112,8808,0.012715712988192553,1.2715712988192553,61.0,0.010464916795333677,51.0,83.60655737704919,0.002250796192858876,0.22507961928588757,2017-01-01,2017-12-31,complete,False
2018,5,Question Answering,127,11253,0.011285879321069937,1.1285879321069936,112.0,0.012715712988192553,15.0,13.392857142857142,-0.001429833667122616,-0.14298336671226158,2018-01-01,2018-12-31,complete,False
2019,5,Question Answering,213,13204,0.016131475310511966,1.6131475310511967,127.0,0.011285879321069937,86.0,67.71653543307087,0.0048455959894420295,0.484559598944203,2019-01-01,2019-12-31,complete,False
2020,5,Question Answering,183,14308,0.012790047525859658,1.2790047525859658,213.0,0.016131475310511966,-30.0,-14.084507042253522,-0.0033414277846523077,-0.33414277846523077,2020-01-01,2020-12-31,complete,False
2021,5,Question Answering,237,14362,0.016501879961008215,1.6501879961008215,183.0,0.012790047525859658,54.0,29.508196721311474,0.003711832435148556,0.3711832435148556,2021-01-01,2021-12-31,complete,False
2022,5,Question Answering,241,15036,0.016028198989092843,1.6028198989092843,237.0,0.016501879961008215,4.0,1.6877637130801686,-0.00047368097191537173,-0.04736809719153717,2022-01-01,2022-12-31,complete,False
2023,5,Question Answering,226,14131,0.01599320642558913,1.5993206425589128,241.0,0.016028198989092843,-15.0,-6.224066390041494,-3.499256350371349e-05,-0.003499256350371349,2023-01-01,2023-12-31,complete,False
2024,5,Question Answering,160,11601,0.013791914490130161,1.3791914490130162,226.0,0.01599320642558913,-66.0,-29.20353982300885,-0.0022012919354589683,-0.22012919354589683,2024-01-01,2024-12-31,complete,False
2015,6,Computer Vision and Open-Source Methods,9,3338,0.0026962252846015576,0.2696225284601558,,,,,,,2015-01-01,2015-12-31,complete,False
2016,6,Computer Vision and Open-Source Methods,30,5829,0.0051466803911477095,0.514668039114771,9.0,0.0026962252846015576,21.0,233.33333333333334,0.002450455106546152,0.2450455106546152,2016-01-01,2016-12-31,complete,False
2017,6,Computer Vision and Open-Source Methods,74,8808,0.008401453224341507,0.8401453224341506,30.0,0.0051466803911477095,44.0,146.66666666666666,0.0032547728331937973,0.32547728331937975,2017-01-01,2017-12-31,complete,False
2018,6,Computer Vision and Open-Source Methods,170,11253,0.015107082555762907,1.5107082555762907,74.0,0.008401453224341507,96.0,129.72972972972974,0.0067056293314214,0.67056293314214,2018-01-01,2018-12-31,complete,False
2019,6,Computer Vision and Open-Source Methods,327,13204,0.024765222659800062,2.476522265980006,170.0,0.015107082555762907,157.0,92.3529411764706,0.009658140104037155,0.9658140104037155,2019-01-01,2019-12-31,complete,False
2020,6,Computer Vision and Open-Source Methods,449,14308,0.0313810455689125,3.13810455689125,327.0,0.024765222659800062,122.0,37.308868501529055,0.006615822909112435,0.6615822909112435,2020-01-01,2020-12-31,complete,False
2021,6,Computer Vision and Open-Source Methods,692,14362,0.04818270435872441,4.818270435872441,449.0,0.0313810455689125,243.0,54.12026726057907,0.016801658789811914,1.6801658789811915,2021-01-01,2021-12-31,complete,False
2022,6,Computer Vision and Open-Source Methods,978,15036,0.0650438946528332,6.504389465283319,692.0,0.04818270435872441,286.0,41.32947976878613,0.016861190294108784,1.6861190294108783,2022-01-01,2022-12-31,complete,False
2023,6,Computer Vision and Open-Source Methods,968,14131,0.068501875309603,6.8501875309603,978.0,0.0650438946528332,-10.0,-1.0224948875255624,0.0034579806567698046,0.34579806567698046,2023-01-01,2023-12-31,complete,False
2024,6,Computer Vision and Open-Source Methods,571,11601,0.04921989483665201,4.921989483665201,968.0,0.068501875309603,-397.0,-41.01239669421488,-0.019281980472950988,-1.9281980472950988,2024-01-01,2024-12-31,complete,False
2025,6,Computer Vision and Open-Source Methods,19,493,0.038539553752535496,3.8539553752535496,571.0,0.04921989483665201,-552.0,-96.6725043782837,-0.010680341084116515,-1.0680341084116516,2025-01-01,2025-01-30,partial,True
2015,7,Word Embeddings and Semantic Representations,80,3338,0.02396644697423607,2.396644697423607,,,,,,,2015-01-01,2015-12-31,complete,False
2016,7,Word Embeddings and Semantic Representations,135,5829,0.023160061760164694,2.3160061760164696,80.0,0.02396644697423607,55.0,68.75,-0.000806385214071375,-0.0806385214071375,2016-01-01,2016-12-31,complete,False
2017,7,Word Embeddings and Semantic Representations,240,8808,0.027247956403269755,2.7247956403269753,135.0,0.023160061760164694,105.0,77.77777777777779,0.00408789464310506,0.40878946431050606,2017-01-01,2017-12-31,complete,False
2018,7,Word Embeddings and Semantic Representations,238,11253,0.02114991557806807,2.1149915578068073,240.0,0.027247956403269755,-2.0,-0.8333333333333334,-0.006098040825201684,-0.6098040825201684,2018-01-01,2018-12-31,complete,False
2019,7,Word Embeddings and Semantic Representations,301,13204,0.022796122387155407,2.279612238715541,238.0,0.02114991557806807,63.0,26.47058823529412,0.001646206809087336,0.1646206809087336,2019-01-01,2019-12-31,complete,False
2020,7,Word Embeddings and Semantic Representations,213,14308,0.014886776628459603,1.4886776628459604,301.0,0.022796122387155407,-88.0,-29.2358803986711,-0.007909345758695804,-0.7909345758695804,2020-01-01,2020-12-31,complete,False
2021,7,Word Embeddings and Semantic Representations,194,14362,0.013507867984960313,1.3507867984960313,213.0,0.014886776628459603,-19.0,-8.92018779342723,-0.0013789086434992902,-0.13789086434992903,2021-01-01,2021-12-31,complete,False
2022,7,Word Embeddings and Semantic Representations,152,15036,0.010109071561585529,1.010907156158553,194.0,0.013507867984960313,-42.0,-21.649484536082475,-0.003398796423374784,-0.3398796423374784,2022-01-01,2022-12-31,complete,False
2023,7,Word Embeddings and Semantic Representations,120,14131,0.00849196801358715,0.849196801358715,152.0,0.010109071561585529,-32.0,-21.052631578947366,-0.0016171035479983793,-0.16171035479983792,2023-01-01,2023-12-31,complete,False
2024,7,Word Embeddings and Semantic Representations,51,11601,0.004396172743728989,0.43961727437289894,120.0,0.00849196801358715,-69.0,-57.49999999999999,-0.00409579526985816,-0.409579526985816,2024-01-01,2024-12-31,complete,False
2025,7,Word Embeddings and Semantic Representations,1,493,0.002028397565922921,0.2028397565922921,51.0,0.004396172743728989,-50.0,-98.0392156862745,-0.0023677751778060684,-0.23677751778060685,2025-01-01,2025-01-30,partial,True
2015,8,Natural Language Processing,48,3338,0.014379868184541641,1.4379868184541642,,,,,,,2015-01-01,2015-12-31,complete,False
2016,8,Natural Language Processing,124,5829,0.021272945616743866,2.1272945616743866,48.0,0.014379868184541641,76.0,158.33333333333331,0.006893077432202225,0.6893077432202225,2016-01-01,2016-12-31,complete,False
2017,8,Natural Language Processing,197,8808,0.022366030881017258,2.2366030881017256,124.0,0.021272945616743866,73.0,58.87096774193549,0.001093085264273392,0.1093085264273392,2017-01-01,2017-12-31,complete,False
2018,8,Natural Language Processing,232,11253,0.020616724429041146,2.0616724429041144,197.0,0.022366030881017258,35.0,17.766497461928935,-0.0017493064519761119,-0.1749306451976112,2018-01-01,2018-12-31,complete,False
2019,8,Natural Language Processing,420,13204,0.03180854286579824,3.180854286579824,232.0,0.020616724429041146,188.0,81.03448275862068,0.011191818436757095,1.1191818436757095,2019-01-01,2019-12-31,complete,False
2020,8,Natural Language Processing,517,14308,0.036133631534805706,3.6133631534805706,420.0,0.03180854286579824,97.0,23.095238095238095,0.004325088669007465,0.4325088669007465,2020-01-01,2020-12-31,complete,False
2021,8,Natural Language Processing,706,14362,0.049157498955577215,4.915749895557721,517.0,0.036133631534805706,189.0,36.55705996131528,0.01302386742077151,1.3023867420771509,2021-01-01,2021-12-31,complete,False
2022,8,Natural Language Processing,961,15036,0.06391327480712955,6.391327480712955,706.0,0.049157498955577215,255.0,36.11898016997167,0.014755775851552334,1.4755775851552335,2022-01-01,2022-12-31,complete,False
2023,8,Natural Language Processing,798,14131,0.05647158729035454,5.647158729035454,961.0,0.06391327480712955,-163.0,-16.96149843912591,-0.007441687516775007,-0.7441687516775007,2023-01-01,2023-12-31,complete,False
2024,8,Natural Language Processing,500,11601,0.043099732781656755,4.309973278165676,798.0,0.05647158729035454,-298.0,-37.34335839598997,-0.013371854508697788,-1.3371854508697787,2024-01-01,2024-12-31,complete,False
2025,8,Natural Language Processing,13,493,0.02636916835699797,2.636916835699797,500.0,0.043099732781656755,-487.0,-97.39999999999999,-0.016730564424658784,-1.6730564424658785,2025-01-01,2025-01-30,partial,True
2015,9,Time-Series Forecasting,31,3338,0.009286998202516477,0.9286998202516477,,,,,,,2015-01-01,2015-12-31,complete,False
2016,9,Time-Series Forecasting,66,5829,0.011322696860524962,1.1322696860524961,31.0,0.009286998202516477,35.0,112.90322580645163,0.0020356986580084852,0.20356986580084852,2016-01-01,2016-12-31,complete,False
2017,9,Time-Series Forecasting,88,8808,0.009990917347865577,0.9990917347865577,66.0,0.011322696860524962,22.0,33.33333333333333,-0.0013317795126593854,-0.13317795126593854,2017-01-01,2017-12-31,complete,False
2018,9,Time-Series Forecasting,124,11253,0.011019283746556474,1.1019283746556474,88.0,0.009990917347865577,36.0,40.909090909090914,0.0010283663986908973,0.10283663986908972,2018-01-01,2018-12-31,complete,False
2019,9,Time-Series Forecasting,156,13204,0.011814601635867918,1.1814601635867918,124.0,0.011019283746556474,32.0,25.806451612903224,0.0007953178893114442,0.07953178893114442,2019-01-01,2019-12-31,complete,False
2020,9,Time-Series Forecasting,233,14308,0.0162845960301929,1.62845960301929,156.0,0.011814601635867918,77.0,49.358974358974365,0.00446999439432498,0.44699943943249804,2020-01-01,2020-12-31,complete,False
2021,9,Time-Series Forecasting,238,14362,0.0165715081464977,1.6571508146497702,233.0,0.0162845960301929,5.0,2.1459227467811157,0.00028691211630480287,0.028691211630480287,2021-01-01,2021-12-31,complete,False
2022,9,Time-Series Forecasting,222,15036,0.014764565043894652,1.4764565043894653,238.0,0.0165715081464977,-16.0,-6.722689075630252,-0.0018069431026030494,-0.18069431026030494,2022-01-01,2022-12-31,complete,False
2023,9,Time-Series Forecasting,269,14131,0.01903616163045786,1.903616163045786,222.0,0.014764565043894652,47.0,21.17117117117117,0.004271596586563207,0.42715965865632066,2023-01-01,2023-12-31,complete,False
2024,9,Time-Series Forecasting,294,11601,0.02534264287561417,2.534264287561417,269.0,0.01903616163045786,25.0,9.293680297397769,0.006306481245156311,0.6306481245156311,2024-01-01,2024-12-31,complete,False
2025,9,Time-Series Forecasting,15,493,0.030425963488843813,3.0425963488843815,294.0,0.02534264287561417,-279.0,-94.89795918367348,0.005083320613229643,0.5083320613229643,2025-01-01,2025-01-30,partial,True
2015,10,Image Segmentation and Image Analysis,336,3338,0.1006590772917915,10.06590772917915,,,,,,,2015-01-01,2015-12-31,complete,False
2016,10,Image Segmentation and Image Analysis,673,5829,0.11545719677474696,11.545719677474695,336.0,0.1006590772917915,337.0,100.29761904761905,0.014798119482955466,1.4798119482955465,2016-01-01,2016-12-31,complete,False
2017,10,Image Segmentation and Image Analysis,984,8808,0.11171662125340599,11.1716621253406,673.0,0.11545719677474696,311.0,46.210995542347696,-0.0037405755213409664,-0.37405755213409664,2017-01-01,2017-12-31,complete,False
2018,10,Image Segmentation and Image Analysis,1043,11253,0.09268639473918067,9.268639473918066,984.0,0.11171662125340599,59.0,5.995934959349594,-0.019030226514225326,-1.9030226514225326,2018-01-01,2018-12-31,complete,False
2019,10,Image Segmentation and Image Analysis,1015,13204,0.07687064525901242,7.687064525901242,1043.0,0.09268639473918067,-28.0,-2.684563758389262,-0.015815749480168242,-1.5815749480168242,2019-01-01,2019-12-31,complete,False
2020,10,Image Segmentation and Image Analysis,833,14308,0.05821917808219178,5.821917808219178,1015.0,0.07687064525901242,-182.0,-17.93103448275862,-0.018651467176820646,-1.8651467176820646,2020-01-01,2020-12-31,complete,False
2021,10,Image Segmentation and Image Analysis,871,14362,0.060646149561342434,6.0646149561342435,833.0,0.05821917808219178,38.0,4.561824729891957,0.0024269714791506566,0.24269714791506566,2021-01-01,2021-12-31,complete,False
2022,10,Image Segmentation and Image Analysis,993,15036,0.0660415003990423,6.60415003990423,871.0,0.060646149561342434,122.0,14.006888633754306,0.005395350837699868,0.5395350837699868,2022-01-01,2022-12-31,complete,False
2023,10,Image Segmentation and Image Analysis,725,14131,0.05130564008208902,5.130564008208903,993.0,0.0660415003990423,-268.0,-26.988922457200403,-0.01473586031695328,-1.473586031695328,2023-01-01,2023-12-31,complete,False
2024,10,Image Segmentation and Image Analysis,176,11601,0.015171105939143177,1.5171105939143177,725.0,0.05130564008208902,-549.0,-75.72413793103449,-0.036134534142945846,-3.6134534142945847,2024-01-01,2024-12-31,complete,False
2025,10,Image Segmentation and Image Analysis,5,493,0.010141987829614604,1.0141987829614605,176.0,0.015171105939143177,-171.0,-97.1590909090909,-0.005029118109528573,-0.5029118109528573,2025-01-01,2025-01-30,partial,True
2015,11,General Machine Learning and AI,349,3338,0.10455362492510485,10.455362492510485,,,,,,,2015-01-01,2015-12-31,complete,False
2016,11,General Machine Learning and AI,631,5829,0.10825184422714017,10.825184422714017,349.0,0.10455362492510485,282.0,80.80229226361033,0.003698219302035316,0.3698219302035316,2016-01-01,2016-12-31,complete,False
2017,11,General Machine Learning and AI,860,8808,0.09763851044504995,9.763851044504996,631.0,0.10825184422714017,229.0,36.29160063391442,-0.010613333782090215,-1.0613333782090215,2017-01-01,2017-12-31,complete,False
2018,11,General Machine Learning and AI,1202,11253,0.1068159601883942,10.68159601883942,860.0,0.09763851044504995,342.0,39.76744186046511,0.009177449743344251,0.9177449743344251,2018-01-01,2018-12-31,complete,False
2019,11,General Machine Learning and AI,1303,13204,0.0986822175098455,9.86822175098455,1202.0,0.1068159601883942,101.0,8.402662229617304,-0.008133742678548703,-0.8133742678548703,2019-01-01,2019-12-31,complete,False
2020,11,General Machine Learning and AI,1516,14308,0.10595471065138384,10.595471065138383,1303.0,0.0986822175098455,213.0,16.34689178818112,0.0072724931415383415,0.7272493141538341,2020-01-01,2020-12-31,complete,False
2021,11,General Machine Learning and AI,1794,14362,0.12491296476813814,12.491296476813813,1516.0,0.10595471065138384,278.0,18.337730870712402,0.018958254116754295,1.8958254116754294,2021-01-01,2021-12-31,complete,False
2022,11,General Machine Learning and AI,1676,15036,0.1114658153764299,11.146581537642989,1794.0,0.12491296476813814,-118.0,-6.577480490523968,-0.01344714939170824,-1.344714939170824,2022-01-01,2022-12-31,complete,False
2023,11,General Machine Learning and AI,1702,14131,0.12044441299271107,12.044441299271107,1676.0,0.1114658153764299,26.0,1.5513126491646778,0.00897859761628117,0.897859761628117,2023-01-01,2023-12-31,complete,False
2024,11,General Machine Learning and AI,1541,11601,0.1328333764330661,13.283337643306611,1702.0,0.12044441299271107,-161.0,-9.45945945945946,0.012388963440355047,1.2388963440355047,2024-01-01,2024-12-31,complete,False
2025,11,General Machine Learning and AI,96,493,0.1947261663286004,19.47261663286004,1541.0,0.1328333764330661,-1445.0,-93.77027903958468,0.06189278989553429,6.189278989553429,2025-01-01,2025-01-30,partial,True
2015,12,Federated Learning,2,3338,0.0005991611743559018,0.05991611743559017,,,,,,,2015-01-01,2015-12-31,complete,False
2016,12,Federated Learning,4,5829,0.0006862240521530279,0.06862240521530279,2.0,0.0005991611743559018,2.0,100.0,8.706287779712617e-05,0.008706287779712617,2016-01-01,2016-12-31,complete,False
2017,12,Federated Learning,7,8808,0.0007947320617620345,0.07947320617620346,4.0,0.0006862240521530279,3.0,75.0,0.00010850800960900662,0.010850800960900662,2017-01-01,2017-12-31,complete,False
2018,12,Federated Learning,16,11253,0.001421843064071803,0.1421843064071803,7.0,0.0007947320617620345,9.0,128.57142857142858,0.0006271110023097686,0.06271110023097685,2018-01-01,2018-12-31,complete,False
2019,12,Federated Learning,61,13204,0.00461981217812784,0.461981217812784,16.0,0.001421843064071803,45.0,281.25,0.0031979691140560365,0.3197969114056036,2019-01-01,2019-12-31,complete,False
2020,12,Federated Learning,162,14308,0.011322337154039698,1.1322337154039697,61.0,0.00461981217812784,101.0,165.5737704918033,0.006702524975911858,0.6702524975911858,2020-01-01,2020-12-31,complete,False
2021,12,Federated Learning,208,14362,0.014482662581813117,1.4482662581813117,162.0,0.011322337154039698,46.0,28.39506172839506,0.0031603254277734194,0.31603254277734194,2021-01-01,2021-12-31,complete,False
2022,12,Federated Learning,237,15036,0.015762170790103752,1.5762170790103753,208.0,0.014482662581813117,29.0,13.942307692307693,0.0012795082082906351,0.1279508208290635,2022-01-01,2022-12-31,complete,False
2023,12,Federated Learning,196,14131,0.013870214422192342,1.3870214422192342,237.0,0.015762170790103752,-41.0,-17.29957805907173,-0.0018919563679114099,-0.189195636791141,2023-01-01,2023-12-31,complete,False
2024,12,Federated Learning,181,11601,0.015602103266959745,1.5602103266959746,196.0,0.013870214422192342,-15.0,-7.653061224489796,0.0017318888447674027,0.17318888447674027,2024-01-01,2024-12-31,complete,False
2025,12,Federated Learning,8,493,0.016227180527383367,1.6227180527383367,181.0,0.015602103266959745,-173.0,-95.58011049723757,0.0006250772604236218,0.06250772604236218,2025-01-01,2025-01-30,partial,True
2015,13,Object Detection and Tracking,103,3338,0.030856800479328938,3.0856800479328936,,,,,,,2015-01-01,2015-12-31,complete,False
2016,13,Object Detection and Tracking,177,5829,0.030365414307771486,3.0365414307771488,103.0,0.030856800479328938,74.0,71.84466019417476,-0.0004913861715574522,-0.04913861715574522,2016-01-01,2016-12-31,complete,False
2017,13,Object Detection and Tracking,277,8808,0.03144868301544051,3.144868301544051,177.0,0.030365414307771486,100.0,56.49717514124294,0.0010832687076690224,0.10832687076690224,2017-01-01,2017-12-31,complete,False
2018,13,Object Detection and Tracking,310,11253,0.027548209366391185,2.7548209366391188,277.0,0.03144868301544051,33.0,11.913357400722022,-0.0039004736490493228,-0.3900473649049323,2018-01-01,2018-12-31,complete,False
2019,13,Object Detection and Tracking,330,13204,0.024992426537412904,2.49924265374129,310.0,0.027548209366391185,20.0,6.451612903225806,-0.0025557828289782814,-0.25557828289782814,2019-01-01,2019-12-31,complete,False
2020,13,Object Detection and Tracking,321,14308,0.022435001397819402,2.2435001397819403,330.0,0.024992426537412904,-9.0,-2.727272727272727,-0.002557425139593502,-0.2557425139593502,2020-01-01,2020-12-31,complete,False
2021,13,Object Detection and Tracking,421,14362,0.029313466091073666,2.9313466091073668,321.0,0.022435001397819402,100.0,31.15264797507788,0.006878464693254264,0.6878464693254264,2021-01-01,2021-12-31,complete,False
2022,13,Object Detection and Tracking,431,15036,0.028664538441074753,2.8664538441074754,421.0,0.029313466091073666,10.0,2.375296912114014,-0.0006489276499989129,-0.06489276499989129,2022-01-01,2022-12-31,complete,False
2023,13,Object Detection and Tracking,280,14131,0.019814592031703347,1.9814592031703346,431.0,0.028664538441074753,-151.0,-35.03480278422274,-0.008849946409371406,-0.8849946409371405,2023-01-01,2023-12-31,complete,False
2024,13,Object Detection and Tracking,37,11601,0.0031893802258425997,0.31893802258425996,280.0,0.019814592031703347,-243.0,-86.78571428571429,-0.016625211805860747,-1.6625211805860747,2024-01-01,2024-12-31,complete,False
2025,13,Object Detection and Tracking,2,493,0.004056795131845842,0.4056795131845842,37.0,0.0031893802258425997,-35.0,-94.5945945945946,0.000867414906003242,0.0867414906003242,2025-01-01,2025-01-30,partial,True
2015,14,Bayesian and Variational Inference,244,3338,0.07309766327142002,7.309766327142002,,,,,,,2015-01-01,2015-12-31,complete,False
2016,14,Bayesian and Variational Inference,252,5829,0.04323211528564076,4.323211528564077,244.0,0.07309766327142002,8.0,3.278688524590164,-0.029865547985779256,-2.9865547985779255,2016-01-01,2016-12-31,complete,False
2017,14,Bayesian and Variational Inference,335,8808,0.038033605812897366,3.8033605812897364,252.0,0.04323211528564076,83.0,32.93650793650794,-0.005198509472743397,-0.5198509472743397,2017-01-01,2017-12-31,complete,False
2018,14,Bayesian and Variational Inference,520,11253,0.0462098995823336,4.62098995823336,335.0,0.038033605812897366,185.0,55.223880597014926,0.008176293769436231,0.8176293769436231,2018-01-01,2018-12-31,complete,False
2019,14,Bayesian and Variational Inference,498,13204,0.0377158436837322,3.77158436837322,520.0,0.0462098995823336,-22.0,-4.230769230769231,-0.008494055898601395,-0.8494055898601395,2019-01-01,2019-12-31,complete,False
2020,14,Bayesian and Variational Inference,597,14308,0.04172490914173889,4.172490914173889,498.0,0.0377158436837322,99.0,19.879518072289155,0.004009065458006687,0.40090654580066876,2020-01-01,2020-12-31,complete,False
2021,14,Bayesian and Variational Inference,420,14362,0.02924383790558418,2.924383790558418,597.0,0.04172490914173889,-177.0,-29.64824120603015,-0.01248107123615471,-1.248107123615471,2021-01-01,2021-12-31,complete,False
2022,14,Bayesian and Variational Inference,363,15036,0.024142059058260175,2.4142059058260177,420.0,0.02924383790558418,-57.0,-13.571428571428571,-0.005101778847324004,-0.5101778847324003,2022-01-01,2022-12-31,complete,False
2023,14,Bayesian and Variational Inference,358,14131,0.025334371240534993,2.533437124053499,363.0,0.024142059058260175,-5.0,-1.3774104683195594,0.0011923121822748177,0.11923121822748177,2023-01-01,2023-12-31,complete,False
2024,14,Bayesian and Variational Inference,342,11601,0.02948021722265322,2.948021722265322,358.0,0.025334371240534993,-16.0,-4.4692737430167595,0.004145845982118226,0.4145845982118226,2024-01-01,2024-12-31,complete,False
2025,14,Bayesian and Variational Inference,26,493,0.05273833671399594,5.273833671399594,342.0,0.02948021722265322,-316.0,-92.39766081871345,0.023258119491342724,2.3258119491342724,2025-01-01,2025-01-30,partial,True
2015,15,Optimization for Neural Network Training,89,3338,0.026662672258837627,2.6662672258837627,,,,,,,2015-01-01,2015-12-31,complete,False
2016,15,Optimization for Neural Network Training,124,5829,0.021272945616743866,2.1272945616743866,89.0,0.026662672258837627,35.0,39.325842696629216,-0.005389726642093761,-0.5389726642093761,2016-01-01,2016-12-31,complete,False
2017,15,Optimization for Neural Network Training,166,8808,0.018846503178928248,1.8846503178928247,124.0,0.021272945616743866,42.0,33.87096774193548,-0.002426442437815618,-0.2426442437815618,2017-01-01,2017-12-31,complete,False
2018,15,Optimization for Neural Network Training,298,11253,0.026481827068337332,2.648182706833733,166.0,0.018846503178928248,132.0,79.51807228915662,0.007635323889409084,0.7635323889409084,2018-01-01,2018-12-31,complete,False
2019,15,Optimization for Neural Network Training,289,13204,0.021887306876704028,2.188730687670403,298.0,0.026481827068337332,-9.0,-3.0201342281879198,-0.004594520191633304,-0.45945201916333045,2019-01-01,2019-12-31,complete,False
2020,15,Optimization for Neural Network Training,364,14308,0.025440313111545987,2.5440313111545985,289.0,0.021887306876704028,75.0,25.951557093425603,0.0035530062348419593,0.35530062348419594,2020-01-01,2020-12-31,complete,False
2021,15,Optimization for Neural Network Training,227,14362,0.015805598106113355,1.5805598106113354,364.0,0.025440313111545987,-137.0,-37.637362637362635,-0.009634715005432632,-0.9634715005432632,2021-01-01,2021-12-31,complete,False
2022,15,Optimization for Neural Network Training,215,15036,0.01429901569566374,1.429901569566374,227.0,0.015805598106113355,-12.0,-5.286343612334802,-0.0015065824104496146,-0.15065824104496145,2022-01-01,2022-12-31,complete,False
2023,15,Optimization for Neural Network Training,160,14131,0.011322624018116198,1.1322624018116199,215.0,0.01429901569566374,-55.0,-25.581395348837212,-0.0029763916775475425,-0.29763916775475424,2023-01-01,2023-12-31,complete,False
2024,15,Optimization for Neural Network Training,154,11601,0.01327471769675028,1.327471769675028,160.0,0.011322624018116198,-6.0,-3.75,0.0019520936786340832,0.1952093678634083,2024-01-01,2024-12-31,complete,False
2025,15,Optimization for Neural Network Training,9,493,0.018255578093306288,1.8255578093306288,154.0,0.01327471769675028,-145.0,-94.15584415584416,0.004980860396556007,0.4980860396556007,2025-01-01,2025-01-30,partial,True
2015,16,Neural Machine Translation,48,3338,0.014379868184541641,1.4379868184541642,,,,,,,2015-01-01,2015-12-31,complete,False
2016,16,Neural Machine Translation,92,5829,0.01578315319951964,1.5783153199519642,48.0,0.014379868184541641,44.0,91.66666666666666,0.0014032850149780004,0.14032850149780005,2016-01-01,2016-12-31,complete,False
2017,16,Neural Machine Translation,181,8808,0.02054950045413261,2.054950045413261,92.0,0.01578315319951964,89.0,96.73913043478261,0.004766347254612967,0.4766347254612967,2017-01-01,2017-12-31,complete,False
2018,16,Neural Machine Translation,198,11253,0.017595307917888565,1.7595307917888565,181.0,0.02054950045413261,17.0,9.392265193370166,-0.0029541925362440435,-0.29541925362440435,2018-01-01,2018-12-31,complete,False
2019,16,Neural Machine Translation,283,13204,0.02143289912147834,2.143289912147834,198.0,0.017595307917888565,85.0,42.92929292929293,0.003837591203589775,0.38375912035897747,2019-01-01,2019-12-31,complete,False
2020,16,Neural Machine Translation,216,14308,0.015096449538719598,1.5096449538719598,283.0,0.02143289912147834,-67.0,-23.674911660777383,-0.0063364495827587415,-0.6336449582758742,2020-01-01,2020-12-31,complete,False
2021,16,Neural Machine Translation,215,14362,0.014970059880239521,1.4970059880239521,216.0,0.015096449538719598,-1.0,-0.4629629629629629,-0.00012638965848007708,-0.012638965848007708,2021-01-01,2021-12-31,complete,False
2022,16,Neural Machine Translation,213,15036,0.014166001596169193,1.4166001596169193,215.0,0.014970059880239521,-2.0,-0.9302325581395349,-0.0008040582840703279,-0.08040582840703278,2022-01-01,2022-12-31,complete,False
2023,16,Neural Machine Translation,171,14131,0.012101054419361688,1.2101054419361688,213.0,0.014166001596169193,-42.0,-19.718309859154928,-0.0020649471768075054,-0.20649471768075053,2023-01-01,2023-12-31,complete,False
2024,16,Neural Machine Translation,118,11601,0.010171536936470995,1.0171536936470995,171.0,0.012101054419361688,-53.0,-30.994152046783626,-0.001929517482890693,-0.1929517482890693,2024-01-01,2024-12-31,complete,False
2015,17,3D Vision and Pose Estimation,58,3338,0.01737567405632115,1.7375674056321149,,,,,,,2015-01-01,2015-12-31,complete,False
2016,17,3D Vision and Pose Estimation,185,5829,0.031737862412077544,3.1737862412077544,58.0,0.01737567405632115,127.0,218.9655172413793,0.014362188355756395,1.4362188355756396,2016-01-01,2016-12-31,complete,False
2017,17,3D Vision and Pose Estimation,293,8808,0.03326521344232516,3.326521344232516,185.0,0.031737862412077544,108.0,58.37837837837838,0.0015273510302476132,0.15273510302476132,2017-01-01,2017-12-31,complete,False
2018,17,3D Vision and Pose Estimation,325,11253,0.0288811872389585,2.8881187238958503,293.0,0.03326521344232516,32.0,10.921501706484642,-0.004384026203366656,-0.4384026203366656,2018-01-01,2018-12-31,complete,False
2019,17,3D Vision and Pose Estimation,353,13204,0.026734322932444713,2.6734322932444714,325.0,0.0288811872389585,28.0,8.615384615384615,-0.0021468643065137884,-0.21468643065137882,2019-01-01,2019-12-31,complete,False
2020,17,3D Vision and Pose Estimation,371,14308,0.02592954990215264,2.592954990215264,353.0,0.026734322932444713,18.0,5.099150141643059,-0.0008047730302920726,-0.08047730302920726,2020-01-01,2020-12-31,complete,False
2021,17,3D Vision and Pose Estimation,416,14362,0.028965325163626234,2.8965325163626234,371.0,0.02592954990215264,45.0,12.129380053908356,0.0030357752614735938,0.3035775261473594,2021-01-01,2021-12-31,complete,False
2022,17,3D Vision and Pose Estimation,414,15036,0.02753391859537111,2.753391859537111,416.0,0.028965325163626234,-2.0,-0.4807692307692308,-0.0014314065682551232,-0.1431406568255123,2022-01-01,2022-12-31,complete,False
2023,17,3D Vision and Pose Estimation,318,14131,0.022503715236005944,2.2503715236005943,414.0,0.02753391859537111,-96.0,-23.18840579710145,-0.0050302033593651665,-0.5030203359365166,2023-01-01,2023-12-31,complete,False
2024,17,3D Vision and Pose Estimation,30,11601,0.002585983966899405,0.2585983966899405,318.0,0.022503715236005944,-288.0,-90.56603773584906,-0.01991773126910654,-1.991773126910654,2024-01-01,2024-12-31,complete,False
2015,18,Clustering Methods,120,3338,0.035949670461354104,3.59496704613541,,,,,,,2015-01-01,2015-12-31,complete,False
2016,18,Clustering Methods,134,5829,0.022988505747126436,2.2988505747126435,120.0,0.035949670461354104,14.0,11.666666666666666,-0.012961164714227667,-1.2961164714227666,2016-01-01,2016-12-31,complete,False
2017,18,Clustering Methods,158,8808,0.017938237965485923,1.7938237965485924,134.0,0.022988505747126436,24.0,17.91044776119403,-0.005050267781640513,-0.5050267781640514,2017-01-01,2017-12-31,complete,False
2018,18,Clustering Methods,171,11253,0.015195947747267395,1.5195947747267395,158.0,0.017938237965485923,13.0,8.227848101265822,-0.002742290218218528,-0.2742290218218528,2018-01-01,2018-12-31,complete,False
2019,18,Clustering Methods,222,13204,0.0168130869433505,1.68130869433505,171.0,0.015195947747267395,51.0,29.82456140350877,0.0016171391960831047,0.16171391960831047,2019-01-01,2019-12-31,complete,False
2020,18,Clustering Methods,227,14308,0.015865250209672912,1.5865250209672912,222.0,0.0168130869433505,5.0,2.2522522522522523,-0.0009478367336775879,-0.0947836733677588,2020-01-01,2020-12-31,complete,False
2021,18,Clustering Methods,178,14362,0.012393817017128534,1.2393817017128534,227.0,0.015865250209672912,-49.0,-21.58590308370044,-0.0034714331925443775,-0.34714331925443775,2021-01-01,2021-12-31,complete,False
2022,18,Clustering Methods,165,15036,0.01097366320830008,1.097366320830008,178.0,0.012393817017128534,-13.0,-7.303370786516854,-0.0014201538088284543,-0.14201538088284543,2022-01-01,2022-12-31,complete,False
2023,18,Clustering Methods,120,14131,0.00849196801358715,0.849196801358715,165.0,0.01097366320830008,-45.0,-27.27272727272727,-0.0024816951947129306,-0.24816951947129307,2023-01-01,2023-12-31,complete,False
2024,18,Clustering Methods,94,11601,0.00810274976295147,0.810274976295147,120.0,0.00849196801358715,-26.0,-21.666666666666668,-0.0003892182506356791,-0.03892182506356791,2024-01-01,2024-12-31,complete,False
2025,18,Clustering Methods,3,493,0.006085192697768763,0.6085192697768762,94.0,0.00810274976295147,-91.0,-96.80851063829788,-0.002017557065182708,-0.2017557065182708,2025-01-01,2025-01-30,partial,True
2015,19,Generative Adversarial Networks,14,3338,0.004194128220491312,0.4194128220491312,,,,,,,2015-01-01,2015-12-31,complete,False
2016,19,Generative Adversarial Networks,71,5829,0.012180476925716246,1.2180476925716246,14.0,0.004194128220491312,57.0,407.1428571428571,0.007986348705224935,0.7986348705224935,2016-01-01,2016-12-31,complete,False
2017,19,Generative Adversarial Networks,242,8808,0.027475022706630336,2.7475022706630337,71.0,0.012180476925716246,171.0,240.8450704225352,0.01529454578091409,1.529454578091409,2017-01-01,2017-12-31,complete,False
2018,19,Generative Adversarial Networks,398,11253,0.0353683462187861,3.53683462187861,242.0,0.027475022706630336,156.0,64.46280991735537,0.007893323512155766,0.7893323512155767,2018-01-01,2018-12-31,complete,False
2019,19,Generative Adversarial Networks,345,13204,0.02612844592547713,2.612844592547713,398.0,0.0353683462187861,-53.0,-13.316582914572864,-0.009239900293308973,-0.9239900293308974,2019-01-01,2019-12-31,complete,False
2020,19,Generative Adversarial Networks,277,14308,0.01935979871400615,1.9359798714006151,345.0,0.02612844592547713,-68.0,-19.710144927536234,-0.006768647211470979,-0.6768647211470978,2020-01-01,2020-12-31,complete,False
2021,19,Generative Adversarial Networks,236,14362,0.01643225177551873,1.6432251775518731,277.0,0.01935979871400615,-41.0,-14.801444043321299,-0.0029275469384874193,-0.2927546938487419,2021-01-01,2021-12-31,complete,False
2022,19,Generative Adversarial Networks,188,15036,0.012503325352487363,1.2503325352487362,236.0,0.01643225177551873,-48.0,-20.33898305084746,-0.003928926423031368,-0.3928926423031368,2022-01-01,2022-12-31,complete,False
2023,19,Generative Adversarial Networks,126,14131,0.008916566414266506,0.8916566414266506,188.0,0.012503325352487363,-62.0,-32.97872340425532,-0.0035867589382208576,-0.35867589382208576,2023-01-01,2023-12-31,complete,False
2024,19,Generative Adversarial Networks,78,11601,0.0067235583139384535,0.6723558313938454,126.0,0.008916566414266506,-48.0,-38.095238095238095,-0.002193008100328052,-0.21930081003280522,2024-01-01,2024-12-31,complete,False
2025,19,Generative Adversarial Networks,4,493,0.008113590263691683,0.8113590263691683,78.0,0.0067235583139384535,-74.0,-94.87179487179486,0.00139003194975323,0.13900319497532299,2025-01-01,2025-01-30,partial,True
2015,20,Evolutionary and Multi-Objective Optimization,166,3338,0.04973037747153984,4.973037747153984,,,,,,,2015-01-01,2015-12-31,complete,False
2016,20,Evolutionary and Multi-Objective Optimization,196,5829,0.03362497855549837,3.362497855549837,166.0,0.04973037747153984,30.0,18.072289156626507,-0.016105398916041472,-1.6105398916041471,2016-01-01,2016-12-31,complete,False
2017,20,Evolutionary and Multi-Objective Optimization,291,8808,0.03303814713896458,3.303814713896458,196.0,0.03362497855549837,95.0,48.46938775510204,-0.0005868314165337896,-0.058683141653378956,2017-01-01,2017-12-31,complete,False
2018,20,Evolutionary and Multi-Objective Optimization,381,11253,0.03385763796320981,3.3857637963209815,291.0,0.03303814713896458,90.0,30.927835051546392,0.0008194908242452337,0.08194908242452337,2018-01-01,2018-12-31,complete,False
2019,20,Evolutionary and Multi-Objective Optimization,462,13204,0.03498939715237807,3.498939715237807,381.0,0.03385763796320981,81.0,21.25984251968504,0.0011317591891682535,0.11317591891682535,2019-01-01,2019-12-31,complete,False
2020,20,Evolutionary and Multi-Objective Optimization,643,14308,0.04493989376572547,4.493989376572547,462.0,0.03498939715237807,181.0,39.17748917748918,0.009950496613347404,0.9950496613347404,2020-01-01,2020-12-31,complete,False
2021,20,Evolutionary and Multi-Objective Optimization,532,14362,0.03704219468040663,3.704219468040663,643.0,0.04493989376572547,-111.0,-17.262830482115085,-0.007897699085318843,-0.7897699085318843,2021-01-01,2021-12-31,complete,False
2022,20,Evolutionary and Multi-Objective Optimization,570,15036,0.03790901835594573,3.7909018355945725,532.0,0.03704219468040663,38.0,7.142857142857142,0.0008668236755390996,0.08668236755390996,2022-01-01,2022-12-31,complete,False
2023,20,Evolutionary and Multi-Objective Optimization,499,14131,0.03531243365649989,3.5312433656499893,570.0,0.03790901835594573,-71.0,-12.456140350877194,-0.0025965846994458336,-0.25965846994458336,2023-01-01,2023-12-31,complete,False
2024,20,Evolutionary and Multi-Objective Optimization,514,11601,0.04430652529954314,4.430652529954314,499.0,0.03531243365649989,15.0,3.006012024048096,0.008994091643043246,0.8994091643043246,2024-01-01,2024-12-31,complete,False
2025,20,Evolutionary and Multi-Objective Optimization,42,493,0.08519269776876268,8.519269776876268,514.0,0.04430652529954314,-472.0,-91.82879377431907,0.04088617246921954,4.088617246921953,2025-01-01,2025-01-30,partial,True
2015,21,Reinforcement Learning,59,3338,0.017675254643499103,1.7675254643499103,,,,,,,2015-01-01,2015-12-31,complete,False
2016,21,Reinforcement Learning,139,5829,0.023846285812317722,2.3846285812317722,59.0,0.017675254643499103,80.0,135.59322033898303,0.006171031168818619,0.6171031168818619,2016-01-01,2016-12-31,complete,False
2017,21,Reinforcement Learning,315,8808,0.035762942779291554,3.5762942779291556,139.0,0.023846285812317722,176.0,126.61870503597122,0.011916656966973832,1.1916656966973833,2017-01-01,2017-12-31,complete,False
2018,21,Reinforcement Learning,540,11253,0.04798720341242335,4.798720341242335,315.0,0.035762942779291554,225.0,71.42857142857143,0.012224260633131798,1.2224260633131798,2018-01-01,2018-12-31,complete,False
2019,21,Reinforcement Learning,696,13204,0.05271129960617994,5.271129960617994,540.0,0.04798720341242335,156.0,28.888888888888886,0.004724096193756591,0.4724096193756591,2019-01-01,2019-12-31,complete,False
2020,21,Reinforcement Learning,780,14308,0.05451495666759855,5.451495666759855,696.0,0.05271129960617994,84.0,12.068965517241379,0.0018036570614186065,0.18036570614186065,2020-01-01,2020-12-31,complete,False
2021,21,Reinforcement Learning,729,14362,0.050758947221835396,5.0758947221835395,780.0,0.05451495666759855,-51.0,-6.538461538461539,-0.003756009445763153,-0.3756009445763153,2021-01-01,2021-12-31,complete,False
2022,21,Reinforcement Learning,698,15036,0.0464219207235967,4.64219207235967,729.0,0.050758947221835396,-31.0,-4.252400548696845,-0.004337026498238694,-0.4337026498238694,2022-01-01,2022-12-31,complete,False
2023,21,Reinforcement Learning,643,14131,0.04550279527280447,4.5502795272804475,698.0,0.0464219207235967,-55.0,-7.8796561604584525,-0.0009191254507922297,-0.09191254507922297,2023-01-01,2023-12-31,complete,False
2024,21,Reinforcement Learning,541,11601,0.04663391086975261,4.6633910869752615,643.0,0.04550279527280447,-102.0,-15.863141524105753,0.0011311155969481387,0.11311155969481387,2024-01-01,2024-12-31,complete,False
2025,21,Reinforcement Learning,25,493,0.05070993914807302,5.070993914807302,541.0,0.04663391086975261,-516.0,-95.37892791127541,0.004076028278320411,0.40760282783204105,2025-01-01,2025-01-30,partial,True
2015,22,Adversarial Robustness,10,3338,0.0029958058717795086,0.2995805871779509,,,,,,,2015-01-01,2015-12-31,complete,False
2016,22,Adversarial Robustness,15,5829,0.0025733401955738548,0.2573340195573855,10.0,0.0029958058717795086,5.0,50.0,-0.0004224656762056539,-0.04224656762056539,2016-01-01,2016-12-31,complete,False
2017,22,Adversarial Robustness,64,8808,0.007266121707538601,0.7266121707538601,15.0,0.0025733401955738548,49.0,326.6666666666667,0.004692781511964747,0.46927815119647465,2017-01-01,2017-12-31,complete,False
2018,22,Adversarial Robustness,188,11253,0.016706656002843687,1.6706656002843687,64.0,0.007266121707538601,124.0,193.75,0.009440534295305086,0.9440534295305086,2018-01-01,2018-12-31,complete,False
2019,22,Adversarial Robustness,297,13204,0.022493183883671615,2.2493183883671617,188.0,0.016706656002843687,109.0,57.97872340425532,0.005786527880827928,0.5786527880827927,2019-01-01,2019-12-31,complete,False
2020,22,Adversarial Robustness,353,14308,0.024671512440592677,2.467151244059268,297.0,0.022493183883671615,56.0,18.855218855218855,0.0021783285569210616,0.21783285569210614,2020-01-01,2020-12-31,complete,False
2021,22,Adversarial Robustness,252,14362,0.01754630274335051,1.754630274335051,353.0,0.024671512440592677,-101.0,-28.611898016997166,-0.007125209697242167,-0.7125209697242167,2021-01-01,2021-12-31,complete,False
2022,22,Adversarial Robustness,197,15036,0.013101888800212822,1.3101888800212822,252.0,0.01754630274335051,-55.0,-21.825396825396826,-0.004444413943137687,-0.4444413943137687,2022-01-01,2022-12-31,complete,False
2023,22,Adversarial Robustness,160,14131,0.011322624018116198,1.1322624018116199,197.0,0.013101888800212822,-37.0,-18.781725888324875,-0.0017792647820966245,-0.17792647820966245,2023-01-01,2023-12-31,complete,False
2024,22,Adversarial Robustness,93,11601,0.008016550297388157,0.8016550297388156,160.0,0.011322624018116198,-67.0,-41.875,-0.003306073720728041,-0.3306073720728041,2024-01-01,2024-12-31,complete,False
2015,23,Convolutional Neural Networks,182,3338,0.05452366686638706,5.4523666866387055,,,,,,,2015-01-01,2015-12-31,complete,False
2016,23,Convolutional Neural Networks,464,5829,0.07960199004975124,7.960199004975125,182.0,0.05452366686638706,282.0,154.94505494505495,0.025078323183364185,2.5078323183364186,2016-01-01,2016-12-31,complete,False
2017,23,Convolutional Neural Networks,765,8808,0.08685286103542235,8.685286103542236,464.0,0.07960199004975124,301.0,64.87068965517241,0.007250870985671107,0.7250870985671107,2017-01-01,2017-12-31,complete,False
2018,23,Convolutional Neural Networks,822,11253,0.07304718741668888,7.3047187416688875,765.0,0.08685286103542235,57.0,7.450980392156863,-0.013805673618733472,-1.3805673618733472,2018-01-01,2018-12-31,complete,False
2019,23,Convolutional Neural Networks,585,13204,0.04430475613450469,4.4304756134504695,822.0,0.07304718741668888,-237.0,-28.832116788321166,-0.028742431282184185,-2.8742431282184184,2019-01-01,2019-12-31,complete,False
2020,23,Convolutional Neural Networks,405,14308,0.028305842885099245,2.8305842885099244,585.0,0.04430475613450469,-180.0,-30.76923076923077,-0.015998913249405448,-1.5998913249405449,2020-01-01,2020-12-31,complete,False
2021,23,Convolutional Neural Networks,331,14362,0.023046929397019914,2.3046929397019915,405.0,0.028305842885099245,-74.0,-18.271604938271604,-0.005258913488079331,-0.5258913488079331,2021-01-01,2021-12-31,complete,False
2022,23,Convolutional Neural Networks,229,15036,0.015230114392125566,1.5230114392125567,331.0,0.023046929397019914,-102.0,-30.815709969788518,-0.007816815004894348,-0.7816815004894349,2022-01-01,2022-12-31,complete,False
2023,23,Convolutional Neural Networks,147,14131,0.010402660816644257,1.0402660816644256,229.0,0.015230114392125566,-82.0,-35.80786026200873,-0.004827453575481309,-0.4827453575481309,2023-01-01,2023-12-31,complete,False
2024,23,Convolutional Neural Networks,74,11601,0.0063787604516851995,0.6378760451685199,147.0,0.010402660816644257,-73.0,-49.65986394557823,-0.004023900364959057,-0.4023900364959057,2024-01-01,2024-12-31,complete,False
2025,23,Convolutional Neural Networks,7,493,0.014198782961460446,1.4198782961460445,74.0,0.0063787604516851995,-67.0,-90.54054054054053,0.007820022509775246,0.7820022509775246,2025-01-01,2025-01-30,partial,True
2019,24,Large Language Models,1,13204,7.57346258709482e-05,0.007573462587094819,,,,,,,2019-01-01,2019-12-31,complete,False
2020,24,Large Language Models,1,14308,6.98909700866648e-05,0.00698909700866648,1.0,7.57346258709482e-05,0.0,0.0,-5.8436557842833945e-06,-0.0005843655784283394,2020-01-01,2020-12-31,complete,False
2021,24,Large Language Models,7,14362,0.000487397298426403,0.0487397298426403,1.0,6.98909700866648e-05,6.0,600.0,0.0004175063283397382,0.04175063283397382,2021-01-01,2021-12-31,complete,False
2022,24,Large Language Models,107,15036,0.007116254322958234,0.7116254322958234,7.0,0.000487397298426403,100.0,1428.5714285714287,0.006628857024531831,0.6628857024531831,2022-01-01,2022-12-31,complete,False
2023,24,Large Language Models,1416,14131,0.10020522256032835,10.020522256032836,107.0,0.007116254322958234,1309.0,1223.3644859813085,0.09308896823737012,9.308896823737012,2023-01-01,2023-12-31,complete,False
2024,24,Large Language Models,2328,11601,0.20067235583139384,20.067235583139382,1416.0,0.10020522256032835,912.0,64.40677966101694,0.10046713327106549,10.046713327106549,2024-01-01,2024-12-31,complete,False
2025,24,Large Language Models,58,493,0.11764705882352941,11.76470588235294,2328.0,0.20067235583139384,-2270.0,-97.5085910652921,-0.08302529700786443,-8.302529700786444,2025-01-01,2025-01-30,partial,True
2015,25,General Learning and Classification Methods,685,3338,0.20521270221689636,20.521270221689637,,,,,,,2015-01-01,2015-12-31,complete,False
2016,25,General Learning and Classification Methods,917,5829,0.15731686395608166,15.731686395608167,685.0,0.20521270221689636,232.0,33.86861313868613,-0.0478958382608147,-4.78958382608147,2016-01-01,2016-12-31,complete,False
2017,25,General Learning and Classification Methods,1052,8808,0.11943687556766576,11.943687556766577,917.0,0.15731686395608166,135.0,14.721919302071973,-0.0378799883884159,-3.78799883884159,2017-01-01,2017-12-31,complete,False
2018,25,General Learning and Classification Methods,1305,11253,0.11596907491335644,11.596907491335644,1052.0,0.11943687556766576,253.0,24.049429657794676,-0.003467800654309322,-0.3467800654309322,2018-01-01,2018-12-31,complete,False
2019,25,General Learning and Classification Methods,1553,13204,0.11761587397758255,11.761587397758255,1305.0,0.11596907491335644,248.0,19.00383141762452,0.0016467990642261149,0.1646799064226115,2019-01-01,2019-12-31,complete,False
2020,25,General Learning and Classification Methods,1790,14308,0.12510483645513,12.510483645512998,1553.0,0.11761587397758255,237.0,15.26078557630393,0.007488962477547434,0.7488962477547434,2020-01-01,2020-12-31,complete,False
2021,25,General Learning and Classification Methods,1447,14362,0.10075198440328645,10.075198440328645,1790.0,0.12510483645513,-343.0,-19.162011173184357,-0.024352852051843538,-2.435285205184354,2021-01-01,2021-12-31,complete,False
2022,25,General Learning and Classification Methods,1374,15036,0.0913806863527534,9.13806863527534,1447.0,0.10075198440328645,-73.0,-5.044920525224603,-0.00937129805053305,-0.937129805053305,2022-01-01,2022-12-31,complete,False
2023,25,General Learning and Classification Methods,1116,14131,0.07897530252636048,7.897530252636048,1374.0,0.0913806863527534,-258.0,-18.777292576419214,-0.012405383826392918,-1.2405383826392917,2023-01-01,2023-12-31,complete,False
2024,25,General Learning and Classification Methods,1160,11601,0.09999138005344367,9.999138005344367,1116.0,0.07897530252636048,44.0,3.942652329749104,0.02101607752708319,2.1016077527083192,2024-01-01,2024-12-31,complete,False
2025,25,General Learning and Classification Methods,82,493,0.1663286004056795,16.63286004056795,1160.0,0.09999138005344367,-1078.0,-92.93103448275862,0.06633722035223584,6.633722035223584,2025-01-01,2025-01-30,partial,True
2015,26,Graph Neural Networks,30,3338,0.008987417615338526,0.8987417615338525,,,,,,,2015-01-01,2015-12-31,complete,False
2016,26,Graph Neural Networks,47,5829,0.008063132612798079,0.8063132612798078,30.0,0.008987417615338526,17.0,56.666666666666664,-0.0009242850025404474,-0.09242850025404474,2016-01-01,2016-12-31,complete,False
2017,26,Graph Neural Networks,99,8808,0.011239782016348773,1.1239782016348774,47.0,0.008063132612798079,52.0,110.63829787234043,0.0031766494035506947,0.3176649403550695,2017-01-01,2017-12-31,complete,False
2018,26,Graph Neural Networks,201,11253,0.017861903492402027,1.7861903492402027,99.0,0.011239782016348773,102.0,103.03030303030303,0.006622121476053254,0.6622121476053254,2018-01-01,2018-12-31,complete,False
2019,26,Graph Neural Networks,391,13204,0.029612238715540744,2.961223871554074,201.0,0.017861903492402027,190.0,94.5273631840796,0.011750335223138716,1.1750335223138717,2019-01-01,2019-12-31,complete,False
2020,26,Graph Neural Networks,528,14308,0.03690243220575901,3.6902432205759013,391.0,0.029612238715540744,137.0,35.0383631713555,0.007290193490218269,0.7290193490218269,2020-01-01,2020-12-31,complete,False
2021,26,Graph Neural Networks,620,14362,0.04316947500348141,4.316947500348141,528.0,0.03690243220575901,92.0,17.424242424242426,0.0062670427977223955,0.6267042797722395,2021-01-01,2021-12-31,complete,False
2022,26,Graph Neural Networks,639,15036,0.042498004788507585,4.249800478850759,620.0,0.04316947500348141,19.0,3.064516129032258,-0.0006714702149738239,-0.06714702149738239,2022-01-01,2022-12-31,complete,False
2023,26,Graph Neural Networks,581,14131,0.041115278465784444,4.111527846578444,639.0,0.042498004788507585,-58.0,-9.076682316118937,-0.0013827263227231407,-0.13827263227231407,2023-01-01,2023-12-31,complete,False
2024,26,Graph Neural Networks,505,11601,0.04353073010947332,4.353073010947332,581.0,0.041115278465784444,-76.0,-13.080895008605854,0.002415451643688879,0.2415451643688879,2024-01-01,2024-12-31,complete,False
2025,26,Graph Neural Networks,18,493,0.036511156186612576,3.6511156186612577,505.0,0.04353073010947332,-487.0,-96.43564356435644,-0.007019573922860747,-0.7019573922860747,2025-01-01,2025-01-30,partial,True
2015,27,Dialogue Systems,15,3338,0.004493708807669263,0.4493708807669263,,,,,,,2015-01-01,2015-12-31,complete,False
2016,27,Dialogue Systems,32,5829,0.005489792417224223,0.5489792417224223,15.0,0.004493708807669263,17.0,113.33333333333333,0.0009960836095549604,0.09960836095549604,2016-01-01,2016-12-31,complete,False
2017,27,Dialogue Systems,77,8808,0.00874205267938238,0.874205267938238,32.0,0.005489792417224223,45.0,140.625,0.003252260262158157,0.3252260262158157,2017-01-01,2017-12-31,complete,False
2018,27,Dialogue Systems,87,11253,0.007731271660890429,0.7731271660890429,77.0,0.00874205267938238,10.0,12.987012987012985,-0.0010107810184919516,-0.10107810184919516,2018-01-01,2018-12-31,complete,False
2019,27,Dialogue Systems,164,13204,0.012420478642835504,1.2420478642835504,87.0,0.007731271660890429,77.0,88.50574712643679,0.004689206981945075,0.46892069819450755,2019-01-01,2019-12-31,complete,False
2020,27,Dialogue Systems,175,14308,0.01223091976516634,1.223091976516634,164.0,0.012420478642835504,11.0,6.707317073170732,-0.00018955887766916417,-0.018955887766916417,2020-01-01,2020-12-31,complete,False
2021,27,Dialogue Systems,211,14362,0.014691547138281576,1.4691547138281575,175.0,0.01223091976516634,36.0,20.57142857142857,0.0024606273731152366,0.24606273731152367,2021-01-01,2021-12-31,complete,False
2022,27,Dialogue Systems,284,15036,0.01888800212822559,1.8888002128225592,211.0,0.014691547138281576,73.0,34.59715639810427,0.004196454989944014,0.41964549899440146,2022-01-01,2022-12-31,complete,False
2023,27,Dialogue Systems,215,14131,0.015214776024343641,1.5214776024343641,284.0,0.01888800212822559,-69.0,-24.295774647887324,-0.00367322610388195,-0.36732261038819497,2023-01-01,2023-12-31,complete,False
2024,27,Dialogue Systems,94,11601,0.00810274976295147,0.810274976295147,215.0,0.015214776024343641,-121.0,-56.27906976744186,-0.0071120262613921705,-0.711202626139217,2024-01-01,2024-12-31,complete,False
2015,28,Video Understanding and Action Recognition,110,3338,0.0329538645895746,3.2953864589574597,,,,,,,2015-01-01,2015-12-31,complete,False
2016,28,Video Understanding and Action Recognition,252,5829,0.04323211528564076,4.323211528564077,110.0,0.0329538645895746,142.0,129.0909090909091,0.010278250696066166,1.0278250696066165,2016-01-01,2016-12-31,complete,False
2017,28,Video Understanding and Action Recognition,348,8808,0.039509536784741145,3.9509536784741144,252.0,0.04323211528564076,96.0,38.095238095238095,-0.0037225785008996176,-0.37225785008996176,2017-01-01,2017-12-31,complete,False
2018,28,Video Understanding and Action Recognition,337,11253,0.02994756953701235,2.994756953701235,348.0,0.039509536784741145,-11.0,-3.1609195402298855,-0.009561967247728793,-0.9561967247728793,2018-01-01,2018-12-31,complete,False
2019,28,Video Understanding and Action Recognition,378,13204,0.028627688579218418,2.862768857921842,337.0,0.02994756953701235,41.0,12.166172106824925,-0.0013198809577939334,-0.13198809577939336,2019-01-01,2019-12-31,complete,False
2020,28,Video Understanding and Action Recognition,333,14308,0.02327369303885938,2.3273693038859378,378.0,0.028627688579218418,-45.0,-11.904761904761903,-0.005353995540359039,-0.5353995540359039,2020-01-01,2020-12-31,complete,False
2021,28,Video Understanding and Action Recognition,390,14362,0.027154992340899596,2.7154992340899597,333.0,0.02327369303885938,57.0,17.117117117117118,0.003881299302040217,0.3881299302040217,2021-01-01,2021-12-31,complete,False
2022,28,Video Understanding and Action Recognition,447,15036,0.029728651237031126,2.9728651237031127,390.0,0.027154992340899596,57.0,14.615384615384617,0.0025736588961315296,0.257365889613153,2022-01-01,2022-12-31,complete,False
2023,28,Video Understanding and Action Recognition,257,14131,0.018186964829099143,1.8186964829099144,447.0,0.029728651237031126,-190.0,-42.505592841163306,-0.011541686407931982,-1.1541686407931981,2023-01-01,2023-12-31,complete,False
2024,28,Video Understanding and Action Recognition,51,11601,0.004396172743728989,0.43961727437289894,257.0,0.018186964829099143,-206.0,-80.1556420233463,-0.013790792085370155,-1.3790792085370156,2024-01-01,2024-12-31,complete,False
2015,29,Multilingual and Cross-Lingual NLP,20,3338,0.005991611743559017,0.5991611743559018,,,,,,,2015-01-01,2015-12-31,complete,False
2016,29,Multilingual and Cross-Lingual NLP,43,5829,0.007376908560645051,0.7376908560645051,20.0,0.005991611743559017,23.0,114.99999999999999,0.0013852968170860337,0.13852968170860336,2016-01-01,2016-12-31,complete,False
2017,29,Multilingual and Cross-Lingual NLP,74,8808,0.008401453224341507,0.8401453224341506,43.0,0.007376908560645051,31.0,72.09302325581395,0.001024544663696456,0.10245446636964559,2017-01-01,2017-12-31,complete,False
2018,29,Multilingual and Cross-Lingual NLP,85,11253,0.0075535412778814535,0.7553541277881454,74.0,0.008401453224341507,11.0,14.864864864864865,-0.0008479119464600534,-0.08479119464600533,2018-01-01,2018-12-31,complete,False
2019,29,Multilingual and Cross-Lingual NLP,133,13204,0.010072705240836111,1.007270524083611,85.0,0.0075535412778814535,48.0,56.470588235294116,0.0025191639629546575,0.25191639629546575,2019-01-01,2019-12-31,complete,False
2020,29,Multilingual and Cross-Lingual NLP,185,14308,0.012929829466032989,1.292982946603299,133.0,0.010072705240836111,52.0,39.097744360902254,0.0028571242251968776,0.28571242251968776,2020-01-01,2020-12-31,complete,False
2021,29,Multilingual and Cross-Lingual NLP,235,14362,0.016362623590029244,1.6362623590029244,185.0,0.012929829466032989,50.0,27.027027027027028,0.0034327941239962554,0.34327941239962556,2021-01-01,2021-12-31,complete,False
2022,29,Multilingual and Cross-Lingual NLP,332,15036,0.022080340516094706,2.2080340516094705,235.0,0.016362623590029244,97.0,41.27659574468085,0.005717716926065462,0.5717716926065461,2022-01-01,2022-12-31,complete,False
2023,29,Multilingual and Cross-Lingual NLP,281,14131,0.019885358431816574,1.9885358431816575,332.0,0.022080340516094706,-51.0,-15.36144578313253,-0.002194982084278131,-0.21949820842781312,2023-01-01,2023-12-31,complete,False
2024,29,Multilingual and Cross-Lingual NLP,206,11601,0.01775708990604258,1.7757089906042582,281.0,0.019885358431816574,-75.0,-26.690391459074732,-0.002128268525773993,-0.2128268525773993,2024-01-01,2024-12-31,complete,False
