year,category,paper_count
2015,Artificial Intelligence,315
2015,Computation and Language (Natural Language Processing),421
2015,Computer Vision and Pattern Recognition,982
2015,Machine Learning,807
2015,Machine Learning (Statistics),612
2015,Neural and Evolutionary Computing,201
2016,Artificial Intelligence,594
2016,Computation and Language (Natural Language Processing),867
2016,Computer Vision and Pattern Recognition,2095
2016,Machine Learning,1093
2016,Machine Learning (Statistics),911
2016,Neural and Evolutionary Computing,269
2017,Artificial Intelligence,850
2017,Computation and Language (Natural Language Processing),1565
2017,Computer Vision and Pattern Recognition,3287
2017,Machine Learning,1608
2017,Machine Learning (Statistics),1230
2017,Neural and Evolutionary Computing,268
2018,Artificial Intelligence,838
2018,Computation and Language (Natural Language Processing),1713
2018,Computer Vision and Pattern Recognition,3549
2018,Machine Learning,3266
2018,Machine Learning (Statistics),1518
2018,Neural and Evolutionary Computing,369
2019,Artificial Intelligence,709
2019,Computation and Language (Natural Language Processing),2448
2019,Computer Vision and Pattern Recognition,3425
2019,Machine Learning,5177
2019,Machine Learning (Statistics),1027
2019,Neural and Evolutionary Computing,418
2020,Artificial Intelligence,915
2020,Computation and Language (Natural Language Processing),2468
2020,Computer Vision and Pattern Recognition,3011
2020,Machine Learning,6261
2020,Machine Learning (Statistics),1096
2020,Neural and Evolutionary Computing,557
2021,Artificial Intelligence,1096
2021,Computation and Language (Natural Language Processing),3168
2021,Computer Vision and Pattern Recognition,3486
2021,Machine Learning,5429
2021,Machine Learning (Statistics),745
2021,Neural and Evolutionary Computing,438
2022,Artificial Intelligence,1023
2022,Computation and Language (Natural Language Processing),3896
2022,Computer Vision and Pattern Recognition,3804
2022,Machine Learning,4929
2022,Machine Learning (Statistics),691
2022,Neural and Evolutionary Computing,693
2023,Artificial Intelligence,1409
2023,Computation and Language (Natural Language Processing),4317
2023,Computer Vision and Pattern Recognition,2841
2023,Machine Learning,4451
2023,Machine Learning (Statistics),514
2023,Neural and Evolutionary Computing,599
2024,Artificial Intelligence,1573
2024,Computation and Language (Natural Language Processing),3467
2024,Computer Vision and Pattern Recognition,498
2024,Machine Learning,4710
2024,Machine Learning (Statistics),645
2024,Neural and Evolutionary Computing,708
2025,Artificial Intelligence,124
2025,Computation and Language (Natural Language Processing),2
2025,Computer Vision and Pattern Recognition,7
2025,Machine Learning,232
2025,Machine Learning (Statistics),77
2025,Neural and Evolutionary Computing,51
